GEO_LEVEL, GEO_CODE2, GEO_CODE3, GEO, GEO_FORMAL, GEO_ORIGINAL
2, AF, AFG, AFGHANISTAN, ISLAMIC STATE OF AFGHANISTAN, AFGHANISTAN
2, AL, ALB, ALBANIA, REPUBLIC OF ALBANIA, ALBANIA
2, DZ, DZA, ALGERIA, PEOPLE'S DEMOCRATIC REPUBLIC OF ALGERIA, ALGERIA
2, AD, AND, ANDORRA, PRINCIPALITY OF ANDORRA, ANDORRA
2, AO, AGO, ANGOLA, REPUBLIC OF ANGOLA, ANGOLA
2, AG, ATG, ANTIGUA AND BARBUDA, , ANTIGUA AND BARBUDA
2, AR, ARG, ARGENTINA, ARGENTINE REPUBLIC, ARGENTINA
2, AM, ARM, ARMENIA, REPUBLIC OF ARMENIA, ARMENIA
2, AU, AUS, AUSTRALIA, COMMONWEALTH OF AUSTRALIA, AUSTRALIA
2, AT, AUT, AUSTRIA, REPUBLIC OF AUSTRIA, AUSTRIA
2, AZ, AZE, AZERBAIJAN, REPUBLIC OF AZERBAIJAN, AZERBAIJAN
2, BS, BHS, BAHAMAS, COMMONWEALTH OF THE BAHAMAS, BAHAMAS THE
2, BH, BHR, BAHRAIN, KINGDOM OF BAHRAIN, BAHRAIN
2, BD, BGD, BANGLADESH, PEOPLE'S REPUBLIC OF BANGLADESH, BANGLADESH
2, BB, BRB, BARBADOS, , BARBADOS
2, BY, BLR, BELARUS, REPUBLIC OF BELARUS, BELARUS
2, BE, BEL, BELGIUM, KINGDOM OF BELGIUM, BELGIUM
2, BZ, BLZ, BELIZE, , BELIZE
2, BJ, BEN, BENIN, REPUBLIC OF BENIN, BENIN
2, BT, BTN, BHUTAN, KINGDOM OF BHUTAN, BHUTAN
2, BO, BOL, BOLIVIA, REPUBLIC OF BOLIVIA, BOLIVIA
2, BA, BIH, BOSNIA AND HERZEGOVINA, , BOSNIA AND HERZEGOVINA
2, BW, BWA, BOTSWANA, REPUBLIC OF BOTSWANA, BOTSWANA
2, BR, BRA, BRAZIL, FEDERATIVE REPUBLIC OF BRAZIL, BRAZIL
2, BN, BRN, BRUNEI, NEGARA BRUNEI DARUSSALAM, BRUNEI
2, BG, BGR, BULGARIA, REPUBLIC OF BULGARIA, BULGARIA
2, BF, BFA, BURKINA FASO, , BURKINA FASO
2, BI, BDI, BURUNDI, REPUBLIC OF BURUNDI, BURUNDI
2, KH, KHM, CAMBODIA, KINGDOM OF CAMBODIA, CAMBODIA
2, CM, CMR, CAMEROON, REPUBLIC OF CAMEROON, CAMEROON
2, CA, CAN, CANADA, , CANADA
2, CV, CPV, CAPE VERDE, REPUBLIC OF CAPE VERDE, CAPE VERDE
2, CF, CAF, CENTRAL AFRICAN, , CENTRAL AFRICAN REPUBLIC
2, TD, TCD, CHAD, REPUBLIC OF CHAD, CHAD
2, CL, CHL, CHILE, REPUBLIC OF CHILE, CHILE
2, CN, CHN, CHINA, PEOPLE'S REPUBLIC OF CHINA, CHINA PEOPLE'S REPUBLIC OF
2, CO, COL, COLOMBIA, REPUBLIC OF COLOMBIA, COLOMBIA
2, KM, COM, COMOROS, UNION OF COMOROS, COMOROS
2, CD, COD, CONGO (KINSHASA), DEMOCRATIC REPUBLIC OF THE CONGO, CONGO (CONGO ?? KINSHASA)
2, CG, COG, CONGO (BRAZZAVILLE), REPUBLIC OF THE CONGO, CONGO (CONGO ?? BRAZZAVILLE)
2, CR, CRI, COSTA RICA, REPUBLIC OF COSTA RICA, COSTA RICA
2, CI, CIV, COTE D'IVOIRE (IVORY COAST), REPUBLIC OF COTE D'IVOIRE, COTE D'IVOIRE (IVORY COAST)
2, HR, HRV, CROATIA, REPUBLIC OF CROATIA, CROATIA
2, CU, CUB, CUBA, REPUBLIC OF CUBA, CUBA
2, CY, CYP, CYPRUS, REPUBLIC OF CYPRUS, CYPRUS
2, CZ, CZE, CZECH, , CZECH REPUBLIC
2, DK, DNK, DENMARK, KINGDOM OF DENMARK, DENMARK
2, DJ, DJI, DJIBOUTI, REPUBLIC OF DJIBOUTI, DJIBOUTI
2, DM, DMA, DOMINICA, COMMONWEALTH OF DOMINICA, DOMINICA
2, DO, DOM, DOMINICAN, , DOMINICAN REPUBLIC
2, EC, ECU, ECUADOR, REPUBLIC OF ECUADOR, ECUADOR
2, EG, EGY, EGYPT, ARAB REPUBLIC OF EGYPT, EGYPT
2, SV, SLV, EL SALVADOR, REPUBLIC OF EL SALVADOR, EL SALVADOR
2, GQ, GNQ, EQUATORIAL GUINEA, REPUBLIC OF EQUATORIAL GUINEA, EQUATORIAL GUINEA
2, ER, ERI, ERITREA, STATE OF ERITREA, ERITREA
2, EE, EST, ESTONIA, REPUBLIC OF ESTONIA, ESTONIA
2, ET, ETH, ETHIOPIA, FEDERAL DEMOCRATIC REPUBLIC OF ETHIOPIA, ETHIOPIA
2, FJ, FJI, FIJI, REPUBLIC OF THE FIJI ISLANDS, FIJI
2, FI, FIN, FINLAND, REPUBLIC OF FINLAND, FINLAND
2, FR, FRA, FRANCE, FRENCH REPUBLIC, FRANCE
2, GA, GAB, GABON, GABONESE REPUBLIC, GABON
2, GM, GMB, GAMBIA THE, REPUBLIC OF THE GAMBIA, GAMBIA THE
2, GE, GEO, GEORGIA, REPUBLIC OF GEORGIA, GEORGIA
2, DE, DEU, GERMANY, FEDERAL REPUBLIC OF GERMANY, GERMANY
2, GH, GHA, GHANA, REPUBLIC OF GHANA, GHANA
2, GR, GRC, GREECE, HELLENIC REPUBLIC, GREECE
2, GD, GRD, GRENADA, , GRENADA
2, GT, GTM, GUATEMALA, REPUBLIC OF GUATEMALA, GUATEMALA
2, GN, GIN, GUINEA, REPUBLIC OF GUINEA, GUINEA
2, GW, GNB, GUINEA-BISSAU, REPUBLIC OF GUINEA-BISSAU, GUINEA-BISSAU
2, GY, GUY, GUYANA, CO-OPERATIVE REPUBLIC OF GUYANA, GUYANA
2, HT, HTI, HAITI, REPUBLIC OF HAITI, HAITI
2, HN, HND, HONDURAS, REPUBLIC OF HONDURAS, HONDURAS
2, HU, HUN, HUNGARY, REPUBLIC OF HUNGARY, HUNGARY
2, IS, ISL, ICELAND, REPUBLIC OF ICELAND, ICELAND
2, IN, IND, INDIA, REPUBLIC OF INDIA, INDIA
2, ID, IDN, INDONESIA, REPUBLIC OF INDONESIA, INDONESIA
2, IR, IRN, IRAN, ISLAMIC REPUBLIC OF IRAN, IRAN
2, IQ, IRQ, IRAQ, REPUBLIC OF IRAQ, IRAQ
2, IE, IRL, IRELAND, , IRELAND
2, IL, ISR, ISRAEL, STATE OF ISRAEL, ISRAEL
2, IT, ITA, ITALY, ITALIAN REPUBLIC, ITALY
2, JM, JAM, JAMAICA, , JAMAICA
2, JP, JPN, JAPAN, , JAPAN
2, JO, JOR, JORDAN, HASHEMITE KINGDOM OF JORDAN, JORDAN
2, KZ, KAZ, KAZAKHSTAN, REPUBLIC OF KAZAKHSTAN, KAZAKHSTAN
2, KE, KEN, KENYA, REPUBLIC OF KENYA, KENYA
2, KI, KIR, KIRIBATI, REPUBLIC OF KIRIBATI, KIRIBATI
2, KP, PRK, NORTH KOREA, DEMOCRATIC PEOPLE'S REPUBLIC OF KOREA, KOREA NORTH
2, KR, KOR, SOUTH KOREA, REPUBLIC OF KOREA, KOREA SOUTH
2, KW, KWT, KUWAIT, STATE OF KUWAIT, KUWAIT
2, KG, KGZ, KYRGYZSTAN, KYRGYZ REPUBLIC, KYRGYZSTAN
2, LA, LAO, LAOS, LAO PEOPLE'S DEMOCRATIC REPUBLIC, LAOS
2, LV, LVA, LATVIA, REPUBLIC OF LATVIA, LATVIA
2, LB, LBN, LEBANON, LEBANESE REPUBLIC, LEBANON
2, LS, LSO, LESOTHO, KINGDOM OF LESOTHO, LESOTHO
2, LR, LBR, LIBERIA, REPUBLIC OF LIBERIA, LIBERIA
2, LY, LBY, LIBYA, GREAT SOCIALIST PEOPLE'S LIBYAN ARAB JAMAHIRIYA, LIBYA
2, LI, LIE, LIECHTENSTEIN, PRINCIPALITY OF LIECHTENSTEIN, LIECHTENSTEIN
2, LT, LTU, LITHUANIA, REPUBLIC OF LITHUANIA, LITHUANIA
2, LU, LUX, LUXEMBOURG, GRAND DUCHY OF LUXEMBOURG, LUXEMBOURG
2, MK, MKD, MACEDONIA, REPUBLIC OF MACEDONIA, MACEDONIA
2, MG, MDG, MADAGASCAR, REPUBLIC OF MADAGASCAR, MADAGASCAR
2, MW, MWI, MALAWI, REPUBLIC OF MALAWI, MALAWI
2, MY, MYS, MALAYSIA, , MALAYSIA
2, MV, MDV, MALDIVES, REPUBLIC OF MALDIVES, MALDIVES
2, ML, MLI, MALI, REPUBLIC OF MALI, MALI
2, MT, MLT, MALTA, REPUBLIC OF MALTA, MALTA
2, MH, MHL, MARSHALL ISLANDS, REPUBLIC OF THE MARSHALL ISLANDS, MARSHALL ISLANDS
2, MR, MRT, MAURITANIA, ISLAMIC REPUBLIC OF MAURITANIA, MAURITANIA
2, MU, MUS, MAURITIUS, REPUBLIC OF MAURITIUS, MAURITIUS
2, MX, MEX, MEXICO, UNITED MEXICAN STATES, MEXICO
2, FM, FSM, MICRONESIA, FEDERATED STATES OF MICRONESIA, MICRONESIA
2, MD, MDA, MOLDOVA, REPUBLIC OF MOLDOVA, MOLDOVA
2, MC, MCO, MONACO, PRINCIPALITY OF MONACO, MONACO
2, MN, MNG, MONGOLIA, , MONGOLIA
2, ME, MNE, MONTENEGRO, REPUBLIC OF MONTENEGRO, MONTENEGRO
2, MA, MAR, MOROCCO, KINGDOM OF MOROCCO, MOROCCO
2, MZ, MOZ, MOZAMBIQUE, REPUBLIC OF MOZAMBIQUE, MOZAMBIQUE
2, MM, MMR, MYANMAR (BURMA), UNION OF MYANMAR, MYANMAR (BURMA)
2, NA, NAM, NAMIBIA, REPUBLIC OF NAMIBIA, NAMIBIA
2, NR, NRU, NAURU, REPUBLIC OF NAURU, NAURU
2, NP, NPL, NEPAL, , NEPAL
2, NL, NLD, NETHERLANDS, KINGDOM OF THE NETHERLANDS, NETHERLANDS
2, NZ, NZL, NEW ZEALAND, , NEW ZEALAND
2, NI, NIC, NICARAGUA, REPUBLIC OF NICARAGUA, NICARAGUA
2, NE, NER, NIGER, REPUBLIC OF NIGER, NIGER
2, NG, NGA, NIGERIA, FEDERAL REPUBLIC OF NIGERIA, NIGERIA
2, NO, NOR, NORWAY, KINGDOM OF NORWAY, NORWAY
2, OM, OMN, OMAN, SULTANATE OF OMAN, OMAN
2, PK, PAK, PAKISTAN, ISLAMIC REPUBLIC OF PAKISTAN, PAKISTAN
2, PW, PLW, PALAU, REPUBLIC OF PALAU, PALAU
2, PA, PAN, PANAMA, REPUBLIC OF PANAMA, PANAMA
2, PG, PNG, PAPUA NEW GUINEA, INDEPENDENT STATE OF PAPUA NEW GUINEA, PAPUA NEW GUINEA
2, PY, PRY, PARAGUAY, REPUBLIC OF PARAGUAY, PARAGUAY
2, PE, PER, PERU, REPUBLIC OF PERU, PERU
2, PH, PHL, PHILIPPINES, REPUBLIC OF THE PHILIPPINES, PHILIPPINES
2, PL, POL, POLAND, REPUBLIC OF POLAND, POLAND
2, PT, PRT, PORTUGAL, PORTUGUESE REPUBLIC, PORTUGAL
2, QA, QAT, QATAR, STATE OF QATAR, QATAR
2, RO, ROU, ROMANIA, , ROMANIA
2, RU, RUS, RUSSIA, RUSSIAN FEDERATION, RUSSIA
2, RW, RWA, RWANDA, REPUBLIC OF RWANDA, RWANDA
2, KN, KNA, SAINT KITTS AND NEVIS, FEDERATION OF SAINT KITTS AND NEVIS, SAINT KITTS AND NEVIS
2, LC, LCA, SAINT LUCIA, , SAINT LUCIA
2, VC, VCT, SAINT VINCENT AND THE GRENADINES, , SAINT VINCENT AND THE GRENADINES
2, WS, WSM, SAMOA, INDEPENDENT STATE OF SAMOA, SAMOA
2, SM, SMR, SAN MARINO, REPUBLIC OF SAN MARINO, SAN MARINO
2, ST, STP, SAO TOME AND PRINCIPE, DEMOCRATIC REPUBLIC OF SAO TOME AND PRINCIPE, SAO TOME AND PRINCIPE
2, SA, SAU, SAUDI ARABIA, KINGDOM OF SAUDI ARABIA, SAUDI ARABIA
2, SN, SEN, SENEGAL, REPUBLIC OF SENEGAL, SENEGAL
2, RS, SRB, SERBIA, REPUBLIC OF SERBIA, SERBIA
2, SC, SYC, SEYCHELLES, REPUBLIC OF SEYCHELLES, SEYCHELLES
2, SL, SLE, SIERRA LEONE, REPUBLIC OF SIERRA LEONE, SIERRA LEONE
2, SG, SGP, SINGAPORE, REPUBLIC OF SINGAPORE, SINGAPORE
2, SK, SVK, SLOVAKIA, SLOVAK REPUBLIC, SLOVAKIA
2, SI, SVN, SLOVENIA, REPUBLIC OF SLOVENIA, SLOVENIA
2, SB, SLB, SOLOMON ISLANDS, , SOLOMON ISLANDS
2, SO, SOM, SOMALIA, , SOMALIA
2, ZA, ZAF, SOUTH AFRICA, REPUBLIC OF SOUTH AFRICA, SOUTH AFRICA
2, ES, ESP, SPAIN, KINGDOM OF SPAIN, SPAIN
2, LK, LKA, SRI LANKA, DEMOCRATIC SOCIALIST REPUBLIC OF SRI LANKA, SRI LANKA
2, SD, SDN, SUDAN, REPUBLIC OF THE SUDAN, SUDAN
2, SS, SSD, SOUTH SUDAN, REPUBLIC OF SOUTH SUDAN, SOUTH SUDAN
2, SR, SUR, SURINAME, REPUBLIC OF SURINAME, SURINAME
2, SZ, SWZ, SWAZILAND, KINGDOM OF SWAZILAND, SWAZILAND
2, SE, SWE, SWEDEN, KINGDOM OF SWEDEN, SWEDEN
2, CH, CHE, SWITZERLAND, SWISS CONFEDERATION, SWITZERLAND
2, SY, SYR, SYRIA, SYRIAN ARAB REPUBLIC, SYRIA
2, TJ, TJK, TAJIKISTAN, REPUBLIC OF TAJIKISTAN, TAJIKISTAN
2, TZ, TZA, TANZANIA, UNITED REPUBLIC OF TANZANIA, TANZANIA
2, TH, THA, THAILAND, KINGDOM OF THAILAND, THAILAND
2, TL, TLS, TIMOR-LESTE (EAST TIMOR), DEMOCRATIC REPUBLIC OF TIMOR-LESTE, TIMOR-LESTE (EAST TIMOR)
2, TG, TGO, TOGO, TOGOLESE REPUBLIC, TOGO
2, TO, TON, TONGA, KINGDOM OF TONGA, TONGA
2, TT, TTO, TRINIDAD AND TOBAGO, REPUBLIC OF TRINIDAD AND TOBAGO, TRINIDAD AND TOBAGO
2, TN, TUN, TUNISIA, TUNISIAN REPUBLIC, TUNISIA
2, TR, TUR, TURKEY, REPUBLIC OF TURKEY, TURKEY
2, TM, TKM, TURKMENISTAN, , TURKMENISTAN
2, TV, TUV, TUVALU, , TUVALU
2, UG, UGA, UGANDA, REPUBLIC OF UGANDA, UGANDA
2, UA, UKR, UKRAINE, , UKRAINE
2, AE, ARE, UNITED ARAB EMIRATES, UNITED ARAB EMIRATES, UNITED ARAB EMIRATES
2, GB, GBR, UNITED KINGDOM, UNITED KINGDOM OF GREAT BRITAIN AND NORTHERN IRELAND, UNITED KINGDOM
2, US, USA, UNITED STATES, UNITED STATES OF AMERICA, UNITED STATES
2, UY, URY, URUGUAY, ORIENTAL REPUBLIC OF URUGUAY, URUGUAY
2, UZ, UZB, UZBEKISTAN, REPUBLIC OF UZBEKISTAN, UZBEKISTAN
2, VU, VUT, VANUATU, REPUBLIC OF VANUATU, VANUATU
2, VA, VAT, VATICAN CITY, STATE OF THE VATICAN CITY, VATICAN CITY
2, VE, VEN, VENEZUELA, BOLIVARIAN REPUBLIC OF VENEZUELA, VENEZUELA
2, VN, VNM, VIETNAM, SOCIALIST REPUBLIC OF VIETNAM, VIETNAM
2, YE, YEM, YEMEN, REPUBLIC OF YEMEN, YEMEN
2, ZM, ZMB, ZAMBIA, REPUBLIC OF ZAMBIA, ZAMBIA
2, ZW, ZWE, ZIMBABWE, REPUBLIC OF ZIMBABWE, ZIMBABWE
2, GE, GEO, ABKHAZIA, REPUBLIC OF ABKHAZIA, ABKHAZIA
2, TW, TWN, CHINA TAIWAN, REPUBLIC OF CHINA, CHINA REPUBLIC OF (TAIWAN)
2, AZ, AZE, NAGORNO-KARABAKH, NAGORNO-KARABAKH REPUBLIC, NAGORNO-KARABAKH
2, CY, CYP, NORTHERN CYPRUS, TURKISH REPUBLIC OF NORTHERN CYPRUS, NORTHERN CYPRUS
2, MD, MDA, PRIDNESTROVIE (TRANSNISTRIA), PRIDNESTROVIAN MOLDAVIAN REPUBLIC, PRIDNESTROVIE (TRANSNISTRIA)
2, SO, SOM, SOMALILAND, REPUBLIC OF SOMALILAND, SOMALILAND
2, GE, GEO, SOUTH OSSETIA, REPUBLIC OF SOUTH OSSETIA, SOUTH OSSETIA
2, AU, AUS, ASHMORE AND CARTIER ISLANDS, TERRITORY OF ASHMORE AND CARTIER ISLANDS, ASHMORE AND CARTIER ISLANDS
2, CX, CXR, CHRISTMAS ISLAND, TERRITORY OF CHRISTMAS ISLAND, CHRISTMAS ISLAND
2, CC, CCK, COCOS (KEELING) ISLANDS, TERRITORY OF COCOS (KEELING) ISLANDS, COCOS (KEELING) ISLANDS
2, AU, AUS, CORAL SEA ISLANDS, CORAL SEA ISLANDS TERRITORY, CORAL SEA ISLANDS
2, HM, HMD, HEARD ISLAND AND MCDONALD ISLANDS, TERRITORY OF HEARD ISLAND AND MCDONALD ISLANDS, HEARD ISLAND AND MCDONALD ISLANDS
2, NF, NFK, NORFOLK ISLAND, TERRITORY OF NORFOLK ISLAND, NORFOLK ISLAND
2, NC, NCL, NEW CALEDONIA, , NEW CALEDONIA
2, PF, PYF, FRENCH POLYNESIA, OVERSEAS COUNTRY OF FRENCH POLYNESIA, FRENCH POLYNESIA
2, YT, MYT, MAYOTTE, DEPARTMENTAL COLLECTIVITY OF MAYOTTE, MAYOTTE
2, GP, GLP, SAINT BARTHELEMY, COLLECTIVITY OF SAINT BARTHELEMY, SAINT BARTHELEMY
2, GP, GLP, SAINT MARTIN, COLLECTIVITY OF SAINT MARTIN, SAINT MARTIN
2, PM, SPM, SAINT PIERRE AND MIQUELON, TERRITORIAL COLLECTIVITY OF SAINT PIERRE AND MIQUELON, SAINT PIERRE AND MIQUELON
2, WF, WLF, WALLIS AND FUTUNA, COLLECTIVITY OF THE WALLIS AND FUTUNA ISLANDS, WALLIS AND FUTUNA
2, TF, ATF, FRENCH SOUTHERN AND ANTARCTIC LANDS, TERRITORY OF THE FRENCH SOUTHERN AND ANTARCTIC LANDS, FRENCH SOUTHERN AND ANTARCTIC LANDS
2, PF, PYF, CLIPPERTON ISLAND, , CLIPPERTON ISLAND
2, BV, BVT, BOUVET ISLAND, , BOUVET ISLAND
2, CK, COK, COOK ISLANDS, , COOK ISLANDS
2, NU, NIU, NIUE, , NIUE
2, TK, TKL, TOKELAU, , TOKELAU
2, GG, GGY, GUERNSEY, BAILIWICK OF GUERNSEY, GUERNSEY
2, IM, IMN, ISLE OF MAN, , ISLE OF MAN
2, JE, JEY, JERSEY, BAILIWICK OF JERSEY, JERSEY
2, AI, AIA, ANGUILLA, , ANGUILLA
2, BM, BMU, BERMUDA, , BERMUDA
2, IO, IOT, BRITISH INDIAN OCEAN TERRITORY, , BRITISH INDIAN OCEAN TERRITORY
2, , , BRITISH SOVEREIGN BASE AREAS, , BRITISH SOVEREIGN BASE AREAS
2, VG, VGB, BRITISH VIRGIN ISLANDS, , BRITISH VIRGIN ISLANDS
2, KY, CYM, CAYMAN ISLANDS, , CAYMAN ISLANDS
2, FK, FLK, FALKLAND ISLANDS (ISLAS MALVINAS), , FALKLAND ISLANDS (ISLAS MALVINAS)
2, GI, GIB, GIBRALTAR, , GIBRALTAR
2, MS, MSR, MONTSERRAT, , MONTSERRAT
2, PN, PCN, PITCAIRN ISLANDS, , PITCAIRN ISLANDS
2, SH, SHN, SAINT HELENA, , SAINT HELENA
2, GS, SGS, SOUTH GEORGIA & SOUTH SANDWICH ISLANDS, , SOUTH GEORGIA & SOUTH SANDWICH ISLANDS
2, TC, TCA, TURKS AND CAICOS ISLANDS, , TURKS AND CAICOS ISLANDS
2, MP, MNP, NORTHERN MARIANA ISLANDS, COMMONWEALTH OF THE NORTHERN MARIANA ISLANDS, NORTHERN MARIANA ISLANDS
2, PR, PRI, PUERTO RICO, COMMONWEALTH OF PUERTO RICO, PUERTO RICO
2, AS, ASM, AMERICAN SAMOA, TERRITORY OF AMERICAN SAMOA, AMERICAN SAMOA
2, UM, UMI, BAKER ISLAND, , BAKER ISLAND
2, GU, GUM, GUAM, TERRITORY OF GUAM, GUAM
2, UM, UMI, HOWLAND ISLAND, , HOWLAND ISLAND
2, UM, UMI, JARVIS ISLAND, , JARVIS ISLAND
2, UM, UMI, JOHNSTON ATOLL, , JOHNSTON ATOLL
2, UM, UMI, KINGMAN REEF, , KINGMAN REEF
2, UM, UMI, MIDWAY ISLANDS, , MIDWAY ISLANDS
2, UM, UMI, NAVASSA ISLAND, , NAVASSA ISLAND
2, UM, UMI, PALMYRA ATOLL, , PALMYRA ATOLL
2, VI, VIR, U.S. VIRGIN ISLANDS, UNITED STATES VIRGIN ISLANDS, U.S. VIRGIN ISLANDS
2, UM, UMI, WAKE ISLAND, , WAKE ISLAND
2, HK, HKG, HONG KONG, HONG KONG SPECIAL ADMINISTRATIVE REGION, HONG KONG
2, MO, MAC, MACAU, MACAU SPECIAL ADMINISTRATIVE REGION, MACAU
2, FO, FRO, FAROE ISLANDS, , FAROE ISLANDS
2, GL, GRL, GREENLAND, , GREENLAND
2, GF, GUF, FRENCH GUIANA, OVERSEAS REGION OF GUIANA, FRENCH GUIANA
2, GP, GLP, GUADELOUPE, OVERSEAS REGION OF GUADELOUPE, GUADELOUPE
2, MQ, MTQ, MARTINIQUE, OVERSEAS REGION OF MARTINIQUE, MARTINIQUE
2, RE, REU, REUNION, OVERSEAS REGION OF REUNION, REUNION
2, AX, ALA, ALAND, , ALAND
2, AW, ABW, ARUBA, , ARUBA
2, AN, ANT, NETHERLANDS ANTILLES, , NETHERLANDS ANTILLES
2, SJ, SJM, SVALBARD, , SVALBARD
2, AC, ASC, ASCENSION, , ASCENSION
2, TA, TAA, TRISTAN DA CUNHA, , TRISTAN DA CUNHA
2, AQ, ATA, AUSTRALIAN ANTARCTIC TERRITORY, , AUSTRALIAN ANTARCTIC TERRITORY
2, AQ, ATA, ROSS DEPENDENCY, , ROSS DEPENDENCY
2, AQ, ATA, PETER I ISLAND, , PETER I ISLAND
2, AQ, ATA, QUEEN MAUD LAND, , QUEEN MAUD LAND
2, AQ, ATA, BRITISH ANTARCTIC TERRITORY, , BRITISH ANTARCTIC TERRITORY
2, DD, DDR, EAST GERMANY, GERMANY DEMOCRATIC REPUBLIC, EAST GERMANY
2, IL, ISR, ISRAEL, STATE OF ISRAEL, ISRAEL
2, BS, BHS, BAHAMAS, COMMONWEALTH OF THE BAHAMAS, BAHAMAS
2, PL, POL, POLAND, REPUBLIC OF POLAND, POLAND
2, DJ, DJI, DJIBOUTI, REPUBLIC OF DJIBOUTI, DJIBOUTI
2, NO, NOR, NORWAY, KINGDOM OF NORWAY, NORWAY(*)
2, SR, SUR, SURINAME, REPUBLIC OF SURINAME, SURINAME
2, DE, DEU, GERMANY, FEDERAL REPUBLIC OF GERMANY, FEDERAL REPUBLIC OF GERMANY (FORMER TERRITORY OF THE FRG ONLY)
2, VE, VEN, VENEZUELA, BOLIVARIAN REPUBLIC OF VENEZUELA, VENEZUELA
2, SK, SVK, SLOVAKIA, SLOVAK REPUBLIC, SLOVAK REPUBLIC
2, KP, PRK, NORTH KOREA, DEMOCRATIC PEOPLE'S REPUBLIC OF KOREA, KOREA- NORTH
2, LT, LTU, LITHUANIA, REPUBLIC OF LITHUANIA, LITHUANIA
2, BO, BOL, BOLIVIA, REPUBLIC OF BOLIVIA, BOLIVIA
2, DE, DEU, GERMANY, FEDERAL REPUBLIC OF GERMANY, GERMANY
2, MS, MSR, MONTSERRAT, , MONTSERRAT
2, BW, BWA, BOTSWANA, REPUBLIC OF BOTSWANA, BOTSWANA
2, BD, BGD, BANGLADESH, PEOPLE'S REPUBLIC OF BANGLADESH, BANGLADESH
2, KN, KNA, SAINT KITTS AND NEVIS, FEDERATION OF SAINT KITTS AND NEVIS, SAINT KITTS AND NEVIS
2, MK, MKD, MACEDONIA, REPUBLIC OF MACEDONIA, MACEDONIA
2, YT, MYT, MAYOTTE, DEPARTMENTAL COLLECTIVITY OF MAYOTTE, MAYOTTE
2, GY, GUY, GUYANA, CO-OPERATIVE REPUBLIC OF GUYANA, GUYANA
2, CN, CHN, CHINA, PEOPLE'S REPUBLIC OF CHINA, CHINA
2, TH, THA, THAILAND, KINGDOM OF THAILAND, THAILAND
2, RU, RUS, RUSSIA, RUSSIAN FEDERATION, RUSSIAN FEDERATION
2, BJ, BEN, BENIN, REPUBLIC OF BENIN, BENIN
2, LB, LBN, LEBANON, LEBANESE REPUBLIC, LEBANON
2, MY, MYS, MALAYSIA, , MALAYSIA
2, UZ, UZB, UZBEKISTAN, REPUBLIC OF UZBEKISTAN, UZBEKISTAN REPUBLIC OF
2, AO, AGO, ANGOLA, REPUBLIC OF ANGOLA, ANGOLA
2, TN, TUN, TUNISIA, TUNISIAN REPUBLIC, TUNISIA
2, ML, MLI, MALI, REPUBLIC OF MALI, MALI
2, BN, BRN, BRUNEI, NEGARA BRUNEI DARUSSALAM, BRUNEI
2, GB, GBR, UNITED KINGDOM, UNITED KINGDOM OF GREAT BRITAIN AND NORTHERN IRELAND, UNITED KINGDOM
2, GH, GHA, GHANA, REPUBLIC OF GHANA, GHANA
2, TF, ATF, FRENCH SOUTHERN AND ANTARCTIC LANDS, TERRITORY OF THE FRENCH SOUTHERN AND ANTARCTIC LANDS, FRENCH SOUTHERN TERRITORIES
2, VU, VUT, VANUATU, REPUBLIC OF VANUATU, VANUATU
2, SH, SHN, SAINT HELENA, , SAINT HELENA
2, HR, HRV, CROATIA, REPUBLIC OF CROATIA, CROATIA
2, GR, GRC, GREECE, HELLENIC REPUBLIC, GREECE
2, LU, LUX, LUXEMBOURG, GRAND DUCHY OF LUXEMBOURG, LUXEMBURG
2, GW, GNB, GUINEA-BISSAU, REPUBLIC OF GUINEA-BISSAU, GUINEA-BISSAU
2, NO, NOR, NORWAY, KINGDOM OF NORWAY, NORWAY
2, IL, ISR, ISRAEL, STATE OF ISRAEL, ISRAEL(*)
2, IO, IOT, BRITISH INDIAN OCEAN TERRITORY, , BRITISH INDIAN OCEAN TERRITORY
2, GA, GAB, GABON, GABONESE REPUBLIC, GABON
2, AD, AND, ANDORRA, PRINCIPALITY OF ANDORRA, ANDORRA
2, AS, ASM, AMERICAN SAMOA, TERRITORY OF AMERICAN SAMOA, AMERICAN SAMOA
2, VG, VGB, BRITISH VIRGIN ISLANDS, , VIRGIN ISLANDS BRITISH
2, PF, PYF, FRENCH POLYNESIA, OVERSEAS COUNTRY OF FRENCH POLYNESIA, FRENCH POLYNESIA
2, CG, COG, CONGO (BRAZZAVILLE), REPUBLIC OF THE CONGO, CONGO (BRAZZAVILLE)
2, PY, PRY, PARAGUAY, REPUBLIC OF PARAGUAY, PARAGUAY
2, AU, AUS, AUSTRALIA, COMMONWEALTH OF AUSTRALIA, AUSTRALIA(*)
2, GL, GRL, GREENLAND, , GREENLAND
2, CA, CAN, CANADA, , CANADA
2, RS, SRB, SERBIA, REPUBLIC OF SERBIA, SERBIA
2, GB, GBR, UNITED KINGDOM, UNITED KINGDOM OF GREAT BRITAIN AND NORTHERN IRELAND, GREAT BRITAIN
2, DE, DEU, GERMANY, FEDERAL REPUBLIC OF GERMANY, GERMANY- FEDERAL REPUBLIC OF
2, TZ, TZA, TANZANIA, UNITED REPUBLIC OF TANZANIA, TANZANIA
2, TR, TUR, TURKEY, REPUBLIC OF TURKEY, TURKEY
2, TT, TTO, TRINIDAD AND TOBAGO, REPUBLIC OF TRINIDAD AND TOBAGO, TRINIDAD AND TOBAGO
2, BB, BRB, BARBADOS, , BARBADOS
2, CD, COD, CONGO (KINSHASA), DEMOCRATIC REPUBLIC OF THE CONGO, CONGO (KINSHASA)
2, OM, OMN, OMAN, SULTANATE OF OMAN, OMAN
2, HM, HMD, HEARD ISLAND AND MCDONALD ISLANDS, TERRITORY OF HEARD ISLAND AND MCDONALD ISLANDS, HEARD IS. AND MCDONALD ISLANDS
2, BS, BHS, BAHAMAS, COMMONWEALTH OF THE BAHAMAS, BAHAMAS THE
2, MM, MMR, MYANMAR (BURMA), UNION OF MYANMAR, MYANMAR
2, KM, COM, COMOROS, UNION OF COMOROS, COMOROS
2, PW, PLW, PALAU, REPUBLIC OF PALAU, PALAU
2, ES, ESP, SPAIN, KINGDOM OF SPAIN, SPAIN
2, ID, IDN, INDONESIA, REPUBLIC OF INDONESIA, INDONESIA
2, GU, GUM, GUAM, TERRITORY OF GUAM, GUAM
2, HT, HTI, HAITI, REPUBLIC OF HAITI, HAITI
2, MT, MLT, MALTA, REPUBLIC OF MALTA, MALTA
2, CR, CRI, COSTA RICA, REPUBLIC OF COSTA RICA, COSTA RICA
2, TC, TCA, TURKS AND CAICOS ISLANDS, , TURKS AND CAICOS ISLANDS
2, MU, MUS, MAURITIUS, REPUBLIC OF MAURITIUS, MAURITIUS
2, DE, DEU, GERMANY, FEDERAL REPUBLIC OF GERMANY, GERMANY(*)
2, NP, NPL, NEPAL, , NEPAL
2, DK, DNK, DENMARK, KINGDOM OF DENMARK, DENMARK
2, GB, GBR, UNITED KINGDOM, UNITED KINGDOM OF GREAT BRITAIN AND NORTHERN IRELAND, UNITEDKINGDOM
2, NZ, NZL, NEW ZEALAND, , NEW ZEALAND(*)
2, GE, GEO, GEORGIA, REPUBLIC OF GEORGIA, GEORGIA
2, BF, BFA, BURKINA FASO, , BURKINA FASO
2, CL, CHL, CHILE, REPUBLIC OF CHILE, CHILE
2, YE, YEM, YEMEN, REPUBLIC OF YEMEN, YEMEN
2, DZ, DZA, ALGERIA, PEOPLE'S DEMOCRATIC REPUBLIC OF ALGERIA, ALGERIA
2, SD, SDN, SUDAN, REPUBLIC OF THE SUDAN, SUDAN(*)
2, KG, KGZ, KYRGYZSTAN, KYRGYZ REPUBLIC, KYRGYZSTAN
2, MA, MAR, MOROCCO, KINGDOM OF MOROCCO, MOROCCO
2, AE, ARE, UNITED ARAB EMIRATES, UNITED ARAB EMIRATES, UNITED ARAB EMIRATES
2, IQ, IRQ, IRAQ, REPUBLIC OF IRAQ, IRAQ
2, CN, CHN, CHINA, PEOPLE'S REPUBLIC OF CHINA, CHINA (PEOPLES REPUBLIC OF)
2, ET, ETH, ETHIOPIA, FEDERAL DEMOCRATIC REPUBLIC OF ETHIOPIA, ETHIOPIA
2, FR, FRA, FRANCE, FRENCH REPUBLIC, FRANCE(*)
2, KR, KOR, SOUTH KOREA, REPUBLIC OF KOREA, KOREA SOUTH
2, BR, BRA, BRAZIL, FEDERATIVE REPUBLIC OF BRAZIL, BRAZIL
2, CN, CHN, CHINA, PEOPLE'S REPUBLIC OF CHINA, CHINA (PEOPLE S REPUBLIC OF)
2, RU, RUS, RUSSIA, RUSSIAN FEDERATION, RUSSIA
2, DO, DOM, DOMINICAN, , DOMINICAN REPUBLIC
2, TO, TON, TONGA, KINGDOM OF TONGA, TONGA
2, AI, AIA, ANGUILLA, , ANGUILLA
2, NE, NER, NIGER, REPUBLIC OF NIGER, NIGER
2, SL, SLE, SIERRA LEONE, REPUBLIC OF SIERRA LEONE, SIERRA LEONE
2, YE, YEM, YEMEN, REPUBLIC OF YEMEN, YEMEN(*)
2, IT, ITA, ITALY, ITALIAN REPUBLIC, ITALY(*)
2, KR, KOR, SOUTH KOREA, REPUBLIC OF KOREA, KOREA
2, ZA, ZAF, SOUTH AFRICA, REPUBLIC OF SOUTH AFRICA, REPUBLIC OF SOUTH AFRICA
2, DE, DEU, GERMANY, FEDERAL REPUBLIC OF GERMANY, GERMANY (UNTIL 1990 FORMER TERRITORY OF THE FRG)
2, SY, SYR, SYRIA, SYRIAN ARAB REPUBLIC, SYRIA
2, SC, SYC, SEYCHELLES, REPUBLIC OF SEYCHELLES, SEYCHELLES
2, NL, NLD, NETHERLANDS, KINGDOM OF THE NETHERLANDS, NETHERLANDS
2, UY, URY, URUGUAY, ORIENTAL REPUBLIC OF URUGUAY, URUGUAY
2, BG, BGR, BULGARIA, REPUBLIC OF BULGARIA, BULGARIA
2, BI, BDI, BURUNDI, REPUBLIC OF BURUNDI, BURUNDI
2, AG, ATG, ANTIGUA AND BARBUDA, , ANTIGUA AND BARBUDA
2, ZW, ZWE, ZIMBABWE, REPUBLIC OF ZIMBABWE, ZIMBABWE
2, BN, BRN, BRUNEI, NEGARA BRUNEI DARUSSALAM, BRUNEI DARUSSALAM
2, LU, LUX, LUXEMBOURG, GRAND DUCHY OF LUXEMBOURG, LUXEMBOURG
2, BY, BLR, BELARUS, REPUBLIC OF BELARUS, BELARUS
2, WS, WSM, SAMOA, INDEPENDENT STATE OF SAMOA, SAMOA
2, PM, SPM, SAINT PIERRE AND MIQUELON, TERRITORIAL COLLECTIVITY OF SAINT PIERRE AND MIQUELON, SAINT PIERRE AND MIQUELON
2, JO, JOR, JORDAN, HASHEMITE KINGDOM OF JORDAN, JORDAN
2, NC, NCL, NEW CALEDONIA, , NEW CALEDONIA
2, ET, ETH, ETHIOPIA, FEDERAL DEMOCRATIC REPUBLIC OF ETHIOPIA, ETHIOPIA(*)
2, GI, GIB, GIBRALTAR, , GIBRALTAR
2, BZ, BLZ, BELIZE, , BELIZE
2, TF, ATF, FRENCH SOUTHERN AND ANTARCTIC LANDS, TERRITORY OF THE FRENCH SOUTHERN AND ANTARCTIC LANDS, FRENCH IND. OCEAN TERRITORY(*)
2, RO, ROU, ROMANIA, , ROMANIA
2, AT, AUT, AUSTRIA, REPUBLIC OF AUSTRIA, AUSTRIA
2, BE, BEL, BELGIUM, KINGDOM OF BELGIUM, BELGIUM
2, CZ, CZE, CZECH, , CZECH REPUBLIC
2, LY, LBY, LIBYA, GREAT SOCIALIST PEOPLE'S LIBYAN ARAB JAMAHIRIYA, LIBYA
2, KP, PRK, NORTH KOREA, DEMOCRATIC PEOPLE'S REPUBLIC OF KOREA, KOREA NORTH
2, GF, GUF, FRENCH GUIANA, OVERSEAS REGION OF GUIANA, FRENCH GUIANA
2, AL, ALB, ALBANIA, REPUBLIC OF ALBANIA, ALBANIA
2, KI, KIR, KIRIBATI, REPUBLIC OF KIRIBATI, KIRIBATI
2, KH, KHM, CAMBODIA, KINGDOM OF CAMBODIA, CAMBODIA
2, TL, TLS, TIMOR-LESTE (EAST TIMOR), DEMOCRATIC REPUBLIC OF TIMOR-LESTE, TIMOR-LESTE
2, MW, MWI, MALAWI, REPUBLIC OF MALAWI, MALAWI
2, AW, ABW, ARUBA, , ARUBA
2, LC, LCA, SAINT LUCIA, , SAINT LUCIA
2, CZ, CZE, CZECH, , CZECH REP.
2, VN, VNM, VIETNAM, SOCIALIST REPUBLIC OF VIETNAM, VIET NAM
2, CK, COK, COOK ISLANDS, , COOK ISLANDS
2, AZ, AZE, AZERBAIJAN, REPUBLIC OF AZERBAIJAN, AZERBAIJAN
2, FO, FRO, FAROE ISLANDS, , FAEROE ISLANDS
2, MK, MKD, MACEDONIA, REPUBLIC OF MACEDONIA, MACEDONIA (FYROM)
2, IE, IRL, IRELAND, , IRELAND
2, HU, HUN, HUNGARY, REPUBLIC OF HUNGARY, HUNGARY
2, VN, VNM, VIETNAM, SOCIALIST REPUBLIC OF VIETNAM, VIETNAM
2, MR, MRT, MAURITANIA, ISLAMIC REPUBLIC OF MAURITANIA, MAURITANIA
2, FK, FLK, FALKLAND ISLANDS (ISLAS MALVINAS), , FALKLAND ISLANDS (ISLAS MALVINAS)
2, TZ, TZA, TANZANIA, UNITED REPUBLIC OF TANZANIA, TANZANIA UNITED REPUBLIC OF
2, IR, IRN, IRAN, ISLAMIC REPUBLIC OF IRAN, IRAN
2, CI, CIV, COTE D'IVOIRE (IVORY COAST), REPUBLIC OF COTE D'IVOIRE, COTE D'IVOIRE
2, UA, UKR, UKRAINE, , UKRAINE
2, AN, ANT, NETHERLANDS ANTILLES, , NETHERLANDS ANTILLES(*)
2, CM, CMR, CAMEROON, REPUBLIC OF CAMEROON, CAMEROON
2, EE, EST, ESTONIA, REPUBLIC OF ESTONIA, ESTONIA
2, KW, KWT, KUWAIT, STATE OF KUWAIT, KUWAIT
2, KZ, KAZ, KAZAKHSTAN, REPUBLIC OF KAZAKHSTAN, KAZAKHSTAN
2, PE, PER, PERU, REPUBLIC OF PERU, PERU
2, DD, DDR, EAST GERMANY, GERMANY DEMOCRATIC REPUBLIC, GERMAN DEMOCRATIC REPUBLIC
2, IN, IND, INDIA, REPUBLIC OF INDIA, INDIA
2, UG, UGA, UGANDA, REPUBLIC OF UGANDA, UGANDA
2, VC, VCT, SAINT VINCENT AND THE GRENADINES, , SAINT VINCENT & THE GRENADINES
2, EC, ECU, ECUADOR, REPUBLIC OF ECUADOR, ECUADOR
2, EG, EGY, EGYPT, ARAB REPUBLIC OF EGYPT, EGYPT
2, MX, MEX, MEXICO, UNITED MEXICAN STATES, MEXICO
2, CO, COL, COLOMBIA, REPUBLIC OF COLOMBIA, COLOMBIA
2, MZ, MOZ, MOZAMBIQUE, REPUBLIC OF MOZAMBIQUE, MOZAMBIQUE
2, ZM, ZMB, ZAMBIA, REPUBLIC OF ZAMBIA, ZAMBIA
2, JM, JAM, JAMAICA, , JAMAICA
2, ME, MNE, MONTENEGRO, REPUBLIC OF MONTENEGRO, MONTENEGRO
2, BA, BIH, BOSNIA AND HERZEGOVINA, , BOSNIA AND HERZEGOVINA
2, FR, FRA, FRANCE, FRENCH REPUBLIC, FRANCE
2, SK, SVK, SLOVAKIA, SLOVAK REPUBLIC, SLOVAKIA
2, NA, NAM, NAMIBIA, REPUBLIC OF NAMIBIA, NAMIBIA
2, DK, DNK, DENMARK, KINGDOM OF DENMARK, DENMARK(*)
2, TD, TCD, CHAD, REPUBLIC OF CHAD, CHAD
2, AM, ARM, ARMENIA, REPUBLIC OF ARMENIA, ARMENIA
2, LV, LVA, LATVIA, REPUBLIC OF LATVIA, LATVIA
2, MO, MAC, MACAU, MACAU SPECIAL ADMINISTRATIVE REGION, MACAU
2, PT, PRT, PORTUGAL, PORTUGUESE REPUBLIC, PORTUGAL
2, AN, ANT, NETHERLANDS ANTILLES, , NETHERLANDS ANTILLES
2, AU, AUS, AUSTRALIA, COMMONWEALTH OF AUSTRALIA, AUSTRALIA
2, CI, CIV, COTE D'IVOIRE (IVORY COAST), REPUBLIC OF COTE D'IVOIRE, IVORY COAST
2, NG, NGA, NIGERIA, FEDERAL REPUBLIC OF NIGERIA, NIGERIA
2, FM, FSM, MICRONESIA, FEDERATED STATES OF MICRONESIA, MICRONESIA
2, BM, BMU, BERMUDA, , BERMUDA
2, PH, PHL, PHILIPPINES, REPUBLIC OF THE PHILIPPINES, PHILIPPINES
2, CU, CUB, CUBA, REPUBLIC OF CUBA, CUBA
2, MH, MHL, MARSHALL ISLANDS, REPUBLIC OF THE MARSHALL ISLANDS, MARSHALL ISLANDS
2, IT, ITA, ITALY, ITALIAN REPUBLIC, ITALY
2, LR, LBR, LIBERIA, REPUBLIC OF LIBERIA, LIBERIA
2, GD, GRD, GRENADA, , GRENADA
2, BS, BHS, BAHAMAS, COMMONWEALTH OF THE BAHAMAS, BAHAMAS- THE
2, IE, IRL, IRELAND, , IRELAND REPUBLIC OF (EIRE)
2, IS, ISL, ICELAND, REPUBLIC OF ICELAND, ICELAND
2, US, USA, UNITED STATES, UNITED STATES OF AMERICA, UNITED STATES
2, AF, AFG, AFGHANISTAN, ISLAMIC STATE OF AFGHANISTAN, AFGHANISTAN
2, FI, FIN, FINLAND, REPUBLIC OF FINLAND, FINLAND
2, ZA, ZAF, SOUTH AFRICA, REPUBLIC OF SOUTH AFRICA, SOUTH AFRICA
2, SO, SOM, SOMALIA, , SOMALIA
2, CH, CHE, SWITZERLAND, SWISS CONFEDERATION, SWITZERLAND
2, PG, PNG, PAPUA NEW GUINEA, INDEPENDENT STATE OF PAPUA NEW GUINEA, PAPUA NEW GUINEA
2, CY, CYP, CYPRUS, REPUBLIC OF CYPRUS, CYPRUS
2, CF, CAF, CENTRAL AFRICAN REPUBLIC, , CENTRAL AFRICAN REPUBLIC
2, SB, SLB, SOLOMON ISLANDS, , SOLOMON ISLANDS
2, PK, PAK, PAKISTAN, ISLAMIC REPUBLIC OF PAKISTAN, PAKISTAN
2, QA, QAT, QATAR, STATE OF QATAR, QATAR
2, MD, MDA, MOLDOVA, REPUBLIC OF MOLDOVA, MOLDOVA
2, GB, GBR, UNITED KINGDOM, UNITED KINGDOM OF GREAT BRITAIN AND NORTHERN IRELAND, U.K.
2, WF, WLF, WALLIS AND FUTUNA, COLLECTIVITY OF THE WALLIS AND FUTUNA ISLANDS, WALLIS AND FUTUNA
2, HN, HND, HONDURAS, REPUBLIC OF HONDURAS, HONDURAS
2, GT, GTM, GUATEMALA, REPUBLIC OF GUATEMALA, GUATEMALA
2, NZ, NZL, NEW ZEALAND, , NEW ZEALAND
2, AR, ARG, ARGENTINA, ARGENTINE REPUBLIC, ARGENTINA
2, FJ, FJI, FIJI, REPUBLIC OF THE FIJI ISLANDS, FIJI
2, SI, SVN, SLOVENIA, REPUBLIC OF SLOVENIA, SLOVENIA
2, PA, PAN, PANAMA, REPUBLIC OF PANAMA, PANAMA
2, UZ, UZB, UZBEKISTAN, REPUBLIC OF UZBEKISTAN, UZBEKISTAN
2, SZ, SWZ, SWAZILAND, KINGDOM OF SWAZILAND, SWAZILAND
2, HK, HKG, HONG KONG, HONG KONG SPECIAL ADMINISTRATIVE REGION, HONG KONG
2, GM, GMB, GAMBIA, REPUBLIC OF THE GAMBIA, GAMBIA
2, DM, DMA, DOMINICA, COMMONWEALTH OF DOMINICA, DOMINICA
2, LA, LAO, LAOS, LAO PEOPLE'S DEMOCRATIC REPUBLIC, LAOS
2, PN, PCN, PITCAIRN ISLANDS, , PITCAIRN
2, CN, CHN, CHINA, PEOPLE'S REPUBLIC OF CHINA, CHINA (PEOPLE'S REPUBLIC OF)
2, GM, GMB, GAMBIA, REPUBLIC OF THE GAMBIA, GAMBIA THE
2, VC, VCT, SAINT VINCENT AND THE GRENADINES, , SAINT VINCENT &AMP; THE GRENADINES
2, MD, MDA, MOLDOVA, REPUBLIC OF MOLDOVA, MOLDOVA REPUBLIC OF
2, SN, SEN, SENEGAL, REPUBLIC OF SENEGAL, SENEGAL
2, CH, CHE, SWITZERLAND, SWISS CONFEDERATION, SWITZERLAND(*)
2, KY, CYM, CAYMAN ISLANDS, , CAYMAN ISLANDS
2, SA, SAU, SAUDI ARABIA, KINGDOM OF SAUDI ARABIA, SAUDI ARABIA
2, TG, TGO, TOGO, TOGOLESE REPUBLIC, TOGO
2, MN, MNG, MONGOLIA, , MONGOLIA
2, MG, MDG, MADAGASCAR, REPUBLIC OF MADAGASCAR, MADAGASCAR
2, KR, KOR, SOUTH KOREA, REPUBLIC OF KOREA, KOREA- SOUTH
2, GN, GIN, GUINEA, REPUBLIC OF GUINEA, GUINEA
2, TJ, TJK, TAJIKISTAN, REPUBLIC OF TAJIKISTAN, TAJIKISTAN
2, SG, SGP, SINGAPORE, REPUBLIC OF SINGAPORE, SINGAPORE
2, ER, ERI, ERITREA, STATE OF ERITREA, ERITREA
2, SE, SWE, SWEDEN, KINGDOM OF SWEDEN, SWEDEN
2, LK, LKA, SRI LANKA, DEMOCRATIC SOCIALIST REPUBLIC OF SRI LANKA, SRI LANKA
2, CC, CCK, COCOS (KEELING) ISLANDS, TERRITORY OF COCOS (KEELING) ISLANDS, COCOS (KEELING) ISLANDS
2, SV, SLV, EL SALVADOR, REPUBLIC OF EL SALVADOR, EL SALVADOR
2, CX, CXR, CHRISTMAS ISLAND, TERRITORY OF CHRISTMAS ISLAND, CHRISTMAS ISLAND
2, ST, STP, SAO TOME AND PRINCIPE, DEMOCRATIC REPUBLIC OF SAO TOME AND PRINCIPE, SAO TOME AND PRINCIPE
2, GQ, GNQ, EQUATORIAL GUINEA, REPUBLIC OF EQUATORIAL GUINEA, EQUATORIAL GUINEA
2, CD, COD, CONGO (KINSHASA), DEMOCRATIC REPUBLIC OF THE CONGO, CONGO DEMOCRATIC REPUBLIC
2, JP, JPN, JAPAN, , JAPAN
2, RW, RWA, RWANDA, REPUBLIC OF RWANDA, RWANDA
2, TW, TWN, CHINA TAIWAN, REPUBLIC OF CHINA, TAIWAN
2, MM, MMR, MYANMAR (BURMA), UNION OF MYANMAR, BURMA
2, FK, FLK, FALKLAND ISLANDS (ISLAS MALVINAS), , FALKLAND ISLANDS (MALVINAS)
2, BH, BHR, BAHRAIN, KINGDOM OF BAHRAIN, BAHRAIN
2, KE, KEN, KENYA, REPUBLIC OF KENYA, KENYA
2, TM, TKM, TURKMENISTAN, , TURKMENISTAN
2, US, USA, UNITED STATES, UNITED STATES OF AMERICA, US TOTAL
2, ES, ESP, SPAIN, KINGDOM OF SPAIN, ESP
2, SK, SVK, SLOVAKIA, SLOVAK REPUBLIC, SVK
2, CL, CHL, CHILE, REPUBLIC OF CHILE, CHL
2, PL, POL, POLAND, REPUBLIC OF POLAND, POL
2, SI, SVN, SLOVENIA, REPUBLIC OF SLOVENIA, SVN
2, GB, GBR, UNITED KINGDOM, UNITED KINGDOM OF GREAT BRITAIN AND NORTHERN IRELAND, GBR
2, NL, NLD, NETHERLANDS, KINGDOM OF THE NETHERLANDS, NLD
2, LU, LUX, LUXEMBOURG, GRAND DUCHY OF LUXEMBOURG, LUX
2, MX, MEX, MEXICO, UNITED MEXICAN STATES, MEX
2, AU, AUS, AUSTRALIA, COMMONWEALTH OF AUSTRALIA, AUS
2, US, USA, UNITED STATES, UNITED STATES OF AMERICA, USA
2, KR, KOR, SOUTH KOREA, REPUBLIC OF KOREA, KOR
2, CO, COL, COLOMBIA, REPUBLIC OF COLOMBIA, COL
2, RU, RUS, RUSSIA, RUSSIAN FEDERATION, RUS
2, DE, DEU, GERMANY, FEDERAL REPUBLIC OF GERMANY, DEU
2, DK, DNK, DENMARK, KINGDOM OF DENMARK, DNK
2, GR, GRC, GREECE, HELLENIC REPUBLIC, GRC
2, FR, FRA, FRANCE, FRENCH REPUBLIC, FRA
2, CN, CHN, CHINA, PEOPLE'S REPUBLIC OF CHINA, CHN
2, NO, NOR, NORWAY, KINGDOM OF NORWAY, NOR
2, ZA, ZAF, SOUTH AFRICA, REPUBLIC OF SOUTH AFRICA, ZAF
2, CH, CHE, SWITZERLAND, SWISS CONFEDERATION, CHE
2, SE, SWE, SWEDEN, KINGDOM OF SWEDEN, SWE
2, NZ, NZL, NEW ZEALAND, , NZL
2, JP, JPN, JAPAN, , JPN
2, BE, BEL, BELGIUM, KINGDOM OF BELGIUM, BEL
2, IT, ITA, ITALY, ITALIAN REPUBLIC, ITA
2, IL, ISR, ISRAEL, STATE OF ISRAEL, ISR
2, AT, AUT, AUSTRIA, REPUBLIC OF AUSTRIA, AUT
2, IS, ISL, ICELAND, REPUBLIC OF ICELAND, ISL
2, HU, HUN, HUNGARY, REPUBLIC OF HUNGARY, HUN
2, ID, IDN, INDONESIA, REPUBLIC OF INDONESIA, IDN
2, CA, CAN, CANADA, , CAN
2, BR, BRA, BRAZIL, FEDERATIVE REPUBLIC OF BRAZIL, BRA
2, TR, TUR, TURKEY, REPUBLIC OF TURKEY, TUR
2, FI, FIN, FINLAND, REPUBLIC OF FINLAND, FIN
2, PT, PRT, PORTUGAL, PORTUGUESE REPUBLIC, PRT
2, EE, EST, ESTONIA, REPUBLIC OF ESTONIA, EST
2, IN, IND, INDIA, REPUBLIC OF INDIA, IND
2, IE, IRL, IRELAND, , IRL
2, CZ, CZE, CZECH, , CZE
2, GB, GBR, UNITED KINGDOM, UNITED KINGDOM OF GREAT BRITAIN AND NORTHERN IRELAND, UK
2, GB, GBR, UNITED KINGDOM, UNITED KINGDOM OF GREAT BRITAIN AND NORTHERN IRELAND, GB
2, US, USA, UNITED STATES, UNITED STATES OF AMERICA, US
2, XK, XKX, KOSOVO, REPUBLIC OF KOSOVO, KOSOVO
2, XK, XKX, KOSOVO, REPUBLIC OF KOSOVO, REPUBLIC OF KOSOVO
2, XK, XKX, KOSOVO, REPUBLIC OF KOSOVO, KOSOVO (UNDER UNITED NATIONS SECURITY COUNCIL RESOLUTION 1244-99)
2, YU, YUG, FORMER YUGOSLAVIA, SOCIALIST FEDERAL REPUBLIC OF YUGOSLAVIA, YUGOSLAVIA
2, YU, YUG, FORMER YUGOSLAVIA, SOCIALIST FEDERAL REPUBLIC OF YUGOSLAVIA, FORMER YUGOSLAVIA
2, YU, YUG, FORMER YUGOSLAVIA, SOCIALIST FEDERAL REPUBLIC OF YUGOSLAVIA, YUGOSLAVIA (>05/92)
2, MK, MKD, MACEDONIA, REPUBLIC OF MACEDONIA, MACEDONIA
2, MK, MKD, MACEDONIA, REPUBLIC OF MACEDONIA, FORMER MACEDONIA
2, MK, MKD, MACEDONIA, REPUBLIC OF MACEDONIA, FORMER YUGOSLAV REPUBLIC OF MACEDONIA THE
2, MK, MKD, MACEDONIA, REPUBLIC OF MACEDONIA, FORMER YUGOSLAV REPUBLIC OF MACEDONIA- THE
2, CS, CSK, CZECHOSLOVAKIA, CZECHOSLOVAKIA, CZECHO-SLOVAKIA
2, CS, CSK, CZECHOSLOVAKIA, CZECHOSLOVAKIA, FORMER CZECHOSLOVAKIA
2, CS, CSK, CZECHOSLOVAKIA, CZECHOSLOVAKIA, CZECHOSLOVAKIA
2, KR, KOR, SOUTH KOREA, REPUBLIC OF KOREA, KOREA- REPUBLIC OF
2, ZZ, ZZZ, UNKNOWN, NO DATA/ WORK CODE, UNKNOWN
2, ZZ, ZZZ, UNKNOWN, NO DATA/ WORK CODE, 
2, ZZ, ZZZ, UNKNOWN, NO DATA/ WORK CODE, NS
2, , , CONGO, WHICH CONGO, CONGO
2, DE, DEU, GERMANY, FEDERAL REPUBLIC OF GERMANY, FR GERMANY
2, GB, GBR, UNITED KINGDOM, UNITED KINGDOM OF GREAT BRITAIN AND NORTHERN IRELAND, UTD. KINGDOM
2, UA, UKR, UKRAINE, , UCRAINA
2, US, USA, UNITED STATES, UNITED STATES OF AMERICA, UNITED STATES OF AMERICA
2, TZ, TZA, TANZANIA, UNITED REPUBLIC OF TANZANIA, UNITED REP. OF TANZANIA
2, CD, COD, CONGO (KINSHASA), DEMOCRATIC REPUBLIC OF THE CONGO, DEM.REP. OF THE CONGO
2, KR, KOR, SOUTH KOREA, REPUBLIC OF KOREA, REP. OF KOREA
2, LA, LAO, LAOS, LAO PEOPLE'S DEMOCRATIC REPUBLIC, LAO PEOPLE'S DEM. REP.
2, SB, SLB, SOLOMON ISLANDS, , SOLOMON ISDS
2, DO, DOM, DOMINICAN, , DOMINICAN REP.
2, MP, MNP, NORTHERN MARIANA ISLANDS, COMMONWEALTH OF THE NORTHERN MARIANA ISLANDS, N. MARIANA ISDS
2, MH, MHL, MARSHALL ISLANDS, REPUBLIC OF THE MARSHALL ISLANDS, MARSHALL ISDS
2, WF, WLF, WALLIS AND FUTUNA, COLLECTIVITY OF THE WALLIS AND FUTUNA ISLANDS, WALLIS AND FUTUNA ISDS
2, KY, CYM, CAYMAN ISLANDS, , CAYMAN ISDS
2, CC, CCK, COCOS (KEELING) ISLANDS, TERRITORY OF COCOS (KEELING) ISLANDS, COCOS ISDS
2, NF, NFK, NORFOLK ISLAND, TERRITORY OF NORFOLK ISLAND, NORFOLK ISDS
2, CX, CXR, CHRISTMAS ISLAND, TERRITORY OF CHRISTMAS ISLAND, CHRISTMAS ISDS
2, CI, CIV, COTE D'IVOIRE (IVORY COAST), REPUBLIC OF COTE D'IVOIRE, C?TE D'IVOIRE
2, BA, BIH, BOSNIA AND HERZEGOVINA, , BOSNIA HERZEGOVINA
2, CK, COK, COOK ISLANDS, , COOK ISDS
2, MK, MKD, MACEDONIA, REPUBLIC OF MACEDONIA, TFYR OF MACEDONIA
2, AN, ANT, NETHERLANDS ANTILLES, , NETH. ANTILLES
2, AQ, ATA, ANTARCTICA, ANTARCTICA, ANTARCTICA
2, AQ, ATA, ANTARCTICA, ANTARCTICA, ANTARCTICAN
2, AQ, ATA, ANTARCTICA, ANTARCTICA, ANTARCTIC
2, FK, FLK, FALKLAND ISLANDS (ISLAS MALVINAS), , FALKLAND ISDS (MALVINAS)
2, MD, MDA, MOLDOVA, REPUBLIC OF MOLDOVA, REP. OF MOLDOVA
2, CF, CAF, CENTRAL AFRICAN, , CENTRAL AFRICAN REP.
2, FO, FRO, FAROE ISLANDS, , FAEROE ISDS
2, VG, VGB, BRITISH VIRGIN ISLANDS, , BR. VIRGIN ISDS
2, CV, CPV, CAPE VERDE, REPUBLIC OF CAPE VERDE, CABO VERDE
2, PS, PSE, STATE OF PALESTINE, STATE OF PALESTINE, STATE OF PALESTINE
2, TF, ATF, FRENCH SOUTHERN AND ANTARCTIC LANDS, TERRITORY OF THE FRENCH SOUTHERN AND ANTARCTIC LANDS, FR. SOUTH ANTARCTIC TERR.
2, KP, PRK, NORTH KOREA, DEMOCRATIC PEOPLE'S REPUBLIC OF KOREA, DEM. PEOPLE'S REP. OF KOREA
2, FM, FSM, MICRONESIA, FEDERATED STATES OF MICRONESIA, FS MICRONESIA
2, KP, PRK, NORTH KOREA, DEMOCRATIC PEOPLE'S REPUBLIC OF KOREA, NORTH KOREA
2, KR, KOR, SOUTH KOREA, REPUBLIC OF KOREA, SOUTH KOREA
2, , , EUROPEAN, EU MEMBER STATES- EVOLUTIVE (EU15 UNTIL 30/04/2004/ EU25 UNTIL 31/12/2006/ EU27 UNTIL 30/06/2013/ EU 28 SINCE 01/07/2013), EU MEMBER STATES- EVOLUTIVE (EU15 UNTIL 30/04/2004/ EU25 UNTIL 31/12/2006/ EU27 UNTIL 30/06/2013/ EU 28 SINCE 01/07/2013)
2, , , EUROPEAN, EU MEMBER STATES- EVOLUTIVE (EU15 UNTIL 30/04/2004/ EU25 UNTIL 31/12/2006/ EU27 UNTIL 30/06/2013/ EU 28 SINCE 01/07/2013), EUROPEAN
2, , , EU12_EXTRA, EU12_EXTRA, EU12_EXTRA
2, , , EU12_INTRA, EU12_INTRA, EU12_INTRA
2, , , EU15_EXTRA, EU15_EXTRA, EU15_EXTRA
2, , , EU15_INTRA, EU15_INTRA, EU15_INTRA
2, , , EU25_EXTRA, EU25_EXTRA, EU25_EXTRA
2, , , EU25_INTRA, EU25_INTRA, EU25_INTRA
2, , , EU27_EXTRA, EU27_EXTRA, EU27_EXTRA
2, , , EU27_INTRA, EU27_INTRA, EU27_INTRA
2, , , EU28_EXTRA, EU28_EXTRA, EU28_EXTRA
2, , , EU28_INTRA, EU28_INTRA, EU28_INTRA
2, , , EA12, EURO AREA 12 (AT/ BE/ DE/ ES/ FI/ FR/ GR/ IE/ IT/ LU/ NL/ PT), EA12
2, , , EA13, EURO AREA 13 (AT/ BE/ DE/ ES/ FI/ FR/ GR/ IE/ IT/ LU/ NL/ PT/SI), EA13
2, , , EA15, EURO AREA 15 (AT/ BE/ CY/ DE/ ES/ FI/ FR/ GR/ IE/ IT/ LU/ MT/ NL/ PT/ SI), EA15
2, , , EA16, EURO AREA 16 (AT/ BE/ CY/ DE/ ES/ FI/ FR/ GR/ IE/ IT/ LU/ MT/ NL/ PT/ SI/ SK), EA16
2, , , EA17, EURO AREA 17 (AT/ BE/ CY/ DE/ EE/ ES/ FI/ FR/ GR/ IE/ IT/ LU/ MT/ NL/ PT/ SI/ SK), EA17
2, , , EA18, EURO AREA 18 (AT/ BE/ CY/ DE/ EE/ ES/ FI/ FR/ GR/ IE/ IT/ LU/LV/ MT/ NL/ PT/ SI/ SK), EA18
2, , , EU12, EU12 (BE/ DE/ DK/ ES/ FR/ GB/ GR/ IE/ IT/ NL/ PT), EU12
2, , , EU15, EU15 (AT/ BE/ DE/ DK/ ES/ FI/ FR/ GB/ GR/ IE/ IT/ LU/ NL/ PT/ SE), EU15
2, , , EU25, EU25 (AT/ BE/ CY/ CZ/ DE/ DK/ EE/ ES/ FI/ FR/ GB/ GR/ HU/ IE/ IT/ LT/ LU/ LV/ MT/ NL/ PL/ PT/ SE/ SI/ SK), EU25
2, , , EU27, EU27 (AT/ BE/ BG/ CY/ CZ/ DE/ DK/ EE/ ES/ FI/ FR/ GB/ GR/ HU/ IE/ IT/ LT/ LU/ LV/ MT/ NL/ PL/ PT/ RO/ SE/ SI/ SK), EU27
2, , , EU28, EU28 (AT/ BE/ BG/ CY/ CZ/ DE/ DK/ EE/ ES/ FI/ FR/ GB/ GR/ HR/HU/ IE/ IT/ LT/ LU/ LV/ MT/ NL/ PL/ PT/ RO/ SE/ SI/ SK), EU28
2, , , EA12, EURO AREA 12 (AT/ BE/ DE/ ES/ FI/ FR/ GR/ IE/ IT/ LU/ NL/ PT), EURO AREA 12 (AT/ BE/ DE/ ES/ FI/ FR/ GR/ IE/ IT/ LU/ NL/ PT)
2, , , EA13, EURO AREA 13 (AT/ BE/ DE/ ES/ FI/ FR/ GR/ IE/ IT/ LU/ NL/ PT/SI), EURO AREA 13 (AT/ BE/ DE/ ES/ FI/ FR/ GR/ IE/ IT/ LU/ NL/ PT/SI)
2, , , EA15, EURO AREA 15 (AT/ BE/ CY/ DE/ ES/ FI/ FR/ GR/ IE/ IT/ LU/ MT/ NL/ PT/ SI), EURO AREA 15 (AT/ BE/ CY/ DE/ ES/ FI/ FR/ GR/ IE/ IT/ LU/ MT/ NL/ PT/ SI)
2, , , EA16, EURO AREA 16 (AT/ BE/ CY/ DE/ ES/ FI/ FR/ GR/ IE/ IT/ LU/ MT/ NL/ PT/ SI/ SK), EURO AREA 16 (AT/ BE/ CY/ DE/ ES/ FI/ FR/ GR/ IE/ IT/ LU/ MT/ NL/ PT/ SI/ SK)
2, , , EA17, EURO AREA 17 (AT/ BE/ CY/ DE/ EE/ ES/ FI/ FR/ GR/ IE/ IT/ LU/ MT/ NL/ PT/ SI/ SK), EURO AREA 17 (AT/ BE/ CY/ DE/ EE/ ES/ FI/ FR/ GR/ IE/ IT/ LU/ MT/ NL/ PT/ SI/ SK)
2, , , EA18, EURO AREA 18 (AT/ BE/ CY/ DE/ EE/ ES/ FI/ FR/ GR/ IE/ IT/ LU/LV/ MT/ NL/ PT/ SI/ SK), EURO AREA 18 (AT/ BE/ CY/ DE/ EE/ ES/ FI/ FR/ GR/ IE/ IT/ LU/LV/ MT/ NL/ PT/ SI/ SK)
2, , , EU12, EU12 (BE/ DE/ DK/ ES/ FR/ GB/ GR/ IE/ IT/ NL/ PT), EU12 (BE/ DE/ DK/ ES/ FR/ GB/ GR/ IE/ IT/ NL/ PT)
2, , , EU15, EU15 (AT/ BE/ DE/ DK/ ES/ FI/ FR/ GB/ GR/ IE/ IT/ LU/ NL/ PT/ SE), EU15 (AT/ BE/ DE/ DK/ ES/ FI/ FR/ GB/ GR/ IE/ IT/ LU/ NL/ PT/ SE)
2, , , EU25, EU25 (AT/ BE/ CY/ CZ/ DE/ DK/ EE/ ES/ FI/ FR/ GB/ GR/ HU/ IE/ IT/ LT/ LU/ LV/ MT/ NL/ PL/ PT/ SE/ SI/ SK), EU25 (AT/ BE/ CY/ CZ/ DE/ DK/ EE/ ES/ FI/ FR/ GB/ GR/ HU/ IE/ IT/ LT/ LU/ LV/ MT/ NL/ PL/ PT/ SE/ SI/ SK)
2, , , EU27, EU27 (AT/ BE/ BG/ CY/ CZ/ DE/ DK/ EE/ ES/ FI/ FR/ GB/ GR/ HU/ IE/ IT/ LT/ LU/ LV/ MT/ NL/ PL/ PT/ RO/ SE/ SI/ SK), EU27 (AT/ BE/ BG/ CY/ CZ/ DE/ DK/ EE/ ES/ FI/ FR/ GB/ GR/ HU/ IE/ IT/ LT/ LU/ LV/ MT/ NL/ PL/ PT/ RO/ SE/ SI/ SK)
2, , , EU28, EU28 (AT/ BE/ BG/ CY/ CZ/ DE/ DK/ EE/ ES/ FI/ FR/ GB/ GR/ HR/HU/ IE/ IT/ LT/ LU/ LV/ MT/ NL/ PL/ PT/ RO/ SE/ SI/ SK), EU28 (AT/ BE/ BG/ CY/ CZ/ DE/ DK/ EE/ ES/ FI/ FR/ GB/ GR/ HR/HU/ IE/ IT/ LT/ LU/ LV/ MT/ NL/ PL/ PT/ RO/ SE/ SI/ SK)
2, , , EZ, EUROZONE (EVOL.), EUROZONE (EVOL.)
2, , , EZ, EUROZONE (EVOL.), EUROZONE
2, , , EA, EURO AREA (EA11-2000 EA12-2006 EA13-2007 EA15-2008 EA16-2010 EA17-2013 EA18), EURO AREA
2, , , EA, EURO AREA (EA11-2000 EA12-2006 EA13-2007 EA15-2008 EA16-2010 EA17-2013 EA18), EURO AREA (EA11-2000 EA12-2006 EA13-2007 EA15-2008 EA16-2010 EA17-2013 EA18)
2, , , EA18, EURO AREA 18 (AT/ BE/ CY/ DE/ EE/ ES/ FI/ FR/ GR/ IE/ IT/ LU/LV/ MT/ NL/ PT/ SI/ SK), EURO AREA (18 COUNTRIES)
2, , , EU27, EU27 (AT/ BE/ BG/ CY/ CZ/ DE/ DK/ EE/ ES/ FI/ FR/ GB/ GR/ HU/ IE/ IT/ LT/ LU/ LV/ MT/ NL/ PL/ PT/ RO/ SE/ SI/ SK), EUROPEAN UNION-27
2, , , EU27, EU27 (AT/ BE/ BG/ CY/ CZ/ DE/ DK/ EE/ ES/ FI/ FR/ GB/ GR/ HU/ IE/ IT/ LT/ LU/ LV/ MT/ NL/ PL/ PT/ RO/ SE/ SI/ SK), EUROPEAN UNION (27 COUNTRIES)
2, , , EA17, EURO AREA 17 (AT/ BE/ CY/ DE/ EE/ ES/ FI/ FR/ GR/ IE/ IT/ LU/ MT/ NL/ PT/ SI/ SK), EURO AREA (17 COUNTRIES)
2, , , EU25, EU25 (AT/ BE/ CY/ CZ/ DE/ DK/ EE/ ES/ FI/ FR/ GB/ GR/ HU/ IE/ IT/ LT/ LU/ LV/ MT/ NL/ PL/ PT/ SE/ SI/ SK), EUROPEAN UNION (25 COUNTRIES)
2, , , EU15, EU15 (AT/ BE/ DE/ DK/ ES/ FI/ FR/ GB/ GR/ IE/ IT/ LU/ NL/ PT/ SE), EU-15
2, , , EU, EUROPEAN UNION, EUROPEAN UNION
2, , , EU, EUROPEAN UNION, EU
2, , , EA15, EURO AREA 15 (AT/ BE/ CY/ DE/ ES/ FI/ FR/ GR/ IE/ IT/ LU/ MT/ NL/ PT/ SI), EURO AREA (15 COUNTRIES)
2, , , EU28, EU28 (AT/ BE/ BG/ CY/ CZ/ DE/ DK/ EE/ ES/ FI/ FR/ GB/ GR/ HR/HU/ IE/ IT/ LT/ LU/ LV/ MT/ NL/ PL/ PT/ RO/ SE/ SI/ SK), EUROPEAN UNION-28
2, , , EU28, EU28 (AT/ BE/ BG/ CY/ CZ/ DE/ DK/ EE/ ES/ FI/ FR/ GB/ GR/ HR/HU/ IE/ IT/ LT/ LU/ LV/ MT/ NL/ PL/ PT/ RO/ SE/ SI/ SK), EUROPEAN UNION (28 COUNTRIES)
2, , , EU15, EU15 (AT/ BE/ DE/ DK/ ES/ FI/ FR/ GB/ GR/ IE/ IT/ LU/ NL/ PT/ SE), EUROPEAN UNION (15 COUNTRIES)
2, , , WORLD, WORLD, WORLD
2, , , WORLD, WORLD, WORLD TOTAL
2, , , NAFTA, NAFTA, NAFTA
2, , , BELGIUM-LUXEMBOURG, BELGO-LUXEMBOURG ECONOMIC UNION, BELGO-LUXEMBOURG ECONOMIC UNION
2, , , BELGIUM-LUXEMBOURG, BELGO-LUXEMBOURG ECONOMIC UNION, BELGIUM-LUXEMBOURG(*)
2, , , BELGIUM-LUXEMBOURG, BELGO-LUXEMBOURG ECONOMIC UNION, BELGIUM-LUXEMBOURG
2, , , OECD, OECD, OECD
2, , , OECD-EUROPE, OECD-EUROPE, OECD - EUROPE
2, , , OECD MAJOR SIX NME, OECD MAJOR SIX NME, OECD + MAJOR SIX NME
2, , , NON-OECD, NON-OECD, NON-OECD
2, , , OECD-TOTAL, OECD-TOTAL, OECD - TOTAL
2, , , BRICS, BRAZIL RUSSIA INDIA CHINA SOUTH AFRICA, BRICS
2, , , SERBIA AND KOSOVO, SERBIA AND KOSOVO, SERBIA AND KOSOVO
2, , , SERBIA AND MONTENEGRO, SERBIA AND MONTENEGRO, SERBIA AND MONTENEGRO
2, , , SERBIA MONTENEGRO AND KOSOVO, SERBIA MONTENEGRO AND KOSOVO, SERBIA MONTENEGRO AND KOSOVO
2, , , EU9, EUROPEAN COMMUNITY (9 COUNTRIES), EUROPEAN COMMUNITY (9 COUNTRIES)
2, , , EUROPEAN ECONOMIC AREA, EUROPEAN ECONOMIC AREA (EEA18-2004 EEA28-2006 EEA30-2013 EEA31), EUROPEAN ECONOMIC AREA (EEA18-2004 EEA28-2006 EEA30-2013 EEA31)
2, , , FOUR BIG EUROPEAN, FOUR BIG EUROPEAN, FOUR BIG EUROPEAN
2, , , SOVIET UNION, REPUBLICS OF THE SOVIET UNION, UNION OF SOVIET SOCIALIST REPU
2, , , DEVELOPED, DEVELOPED, DEVELOPED
2, , , DEVELOPING, DEVELOPING, DEVELOPING
2, , , LEAST DEVELOPED COUNTRIES, LEAST DEVELOPED COUNTRIES, LEAST DEVELOPED COUNTRIES
2, , , OTHER DEVELOPED COUNTRIES, OTHER DEVELOPED COUNTRIES, OTHER DEVELOPED COUNTRIES
2, , , DYNAMIC ASIAN ECONOMIES, DYNAMIC ASIAN ECONOMIES, DYNAMIC ASIAN ECONOMIES
2, , , AFRICA NOT ELSEWHERE SPECIFIED, AFRICA NOT ELSEWHERE SPECIFIED, AFRICA NOT ELSEWHERE SPECIFIED(*)
2, , , SOUTHERN ASIA NEC, SOUTHERN ASIA NEC, SOUTHERN ASIA NEC(*)
2, , , SOVIET UNION, REPUBLICS OF THE SOVIET UNION, UNION OF SOVIET SOCIALIST REPUBLICS
2, , , SUB SAHARAN AFRICA, SUB SAHARAN AFRICA, SUB SAHARAN AFRICA
2, , , OTHER PACIFIC ISLANDS NEC, OTHER PACIFIC ISLANDS NEC, OTHER PACIFIC ISLANDS NEC(*)
2, , , G7, THE GROUP OF 7, G7
2, , , OTHER OIL PRODUCERS, OTHER OIL PRODUCERS, OTHER OIL PRODUCERS
2, , , OTHER ASIA NES, OTHER ASIA NES, OTHER ASIA- NES
2, , , AREAS NES, AREAS NES, AREAS- NES
2, , , OTHER AFRICA NES, OTHER AFRICA NES, OTHER AFRICA- NES
2, , , QUEBEC - ATLANTIC, QUEBEC - ATLANTIC, QUEBEC - ATLANTIC
2, , , SASKATCHEWAN - MANITOBA, SASKATCHEWAN - MANITOBA, SASKATCHEWAN - MANITOBA
2, , , BRITISH COLUMBIA - ALBERTA, BRITISH COLUMBIA - ALBERTA, BRITISH COLUMBIA - ALBERTA
2, , , TOTAL EAST, TOTAL EAST, TOTAL EAST
2, , , WESTERN PROVINCES, WESTERN PROVINCES, WESTERN PROVINCES
2, , , EASTERN PROVINCES, EASTERN PROVINCES, EASTERN PROVINCES
2, , , TOTAL WEST, TOTAL WEST, TOTAL WEST
2, , , MD & DE, MD & DE, MD & DE
2, , , REGION 7 (IA KS MO NE), REGION 7 (IA KS MO NE), REGION 7 (IA KS MO NE)
2, , , NEW ENGLAND STATES, NEW ENGLAND STATES, NEW ENGLAND STATES
2, , , REGION 4 (AL FL GA KY MS NC SC), REGION 4 (AL FL GA KY MS NC SC), REGION 4 (AL FL GA KY MS NC SC)
2, , , REGION 10 (AK ID OR WA), REGION 10 (AK ID OR WA), REGION 10 (AK ID OR WA)
2, , , REGION 2 (NY NJ), REGION 2 (NY NJ), REGION 2 (NY NJ)
2, , , REGION 1 (CT ME NH VT MA RI), REGION 1 (CT ME NH VT MA RI), REGION 1 (CT ME NH VT MA RI)
2, , , REGION 8 (CO MT ND SD UT WY), REGION 8 (CO MT ND SD UT WY), REGION 8 (CO MT ND SD UT WY)
2, , , REGION 3 (DE-MD PA WV VA), REGION 3 (DE-MD PA WV VA), REGION 3 (DE-MD PA WV VA)
2, , , REGION 6 (AR LA NM OK TX), REGION 6 (AR LA NM OK TX), REGION 6 (AR LA NM OK TX)
2, , , REGION 5 (IL IN MI MN OH WI), REGION 5 (IL IN MI MN OH WI), REGION 5 (IL IN MI MN OH WI)
2, , , USA-IOWA_MINNESOTA, USA-IOWA_MINNESOTA, USA-IOWA_MINNESOTA
2, , , REGION 9 (AZ CA HI NV), REGION 9 (AZ CA HI NV), REGION 9 (AZ CA HI NV)
2, , , LEEWARD-WINDWARD ISLANDS, LEEWARD-WINDWARD ISLANDS, LEEWARD-WINDWARD ISLANDS(*)
2, , , LEEWARD-WINDWARD ISLANDS, LEEWARD-WINDWARD ISLANDS, LEEWARD-WINDWARD ISLANDS
2, , , AUSTRALIAN ANTARTIC TERRITORY, AUSTRALIAN ANTARTIC TERRITORY, AUSTRALIAN ANTARTIC TERRITORY
2, , , AUSTRALIAN CAPITAL TERRITORY, AUSTRALIAN CAPITAL TERRITORY, AUSTRALIAN CAPITAL TERRITORY
2, , , JERVIS BAY TERRITORY, JERVIS BAY TERRITORY, JERVIS BAY TERRITORY
2, , , NEW SOUTH WALES, NEW SOUTH WALES, NEW SOUTH WALES
2, , , NORTHERN TERRITORY, NORTHERN TERRITORY, NORTHERN TERRITORY
2, , , QUEENSLAND, QUEENSLAND, QUEENSLAND
2, , , SOUTH AUSTRALIA, SOUTH AUSTRALIA, SOUTH AUSTRALIA
2, , , TASMANIA, TASMANIA, TASMANIA
2, , , VICTORIA, VICTORIA, VICTORIA
2, , , WESTERN AUSTRALIA, WESTERN AUSTRALIA, WESTERN AUSTRALIA
2, , , WESTERN AUSTRALIA, WESTERN AUSTRALIA, WESTERN AUSTRALIA
2, , , NEW SOUTH WALES, NEW SOUTH WALES, NEW SOUTH WALES
2, , , SOUTH AUSTRALIA, SOUTH AUSTRALIA, SOUTH AUSTRALIA (INCL NT)
2, , , QUEENSLAND, QUEENSLAND, QUEENSLAND
2, , , NEW SOUTH WALES, NEW SOUTH WALES, NEW SOUTH WALES (INCL ACT)
2, , , TASMANIA, TASMANIA, TASMANIA
2, , , VICTORIA, VICTORIA, VICTORIA
2, , , SOUTH AUSTRALIA, SOUTH AUSTRALIA, SOUTH AUSTRALIA
2, , , ONTARIO, ONTARIO, ONTARIO
2, , , QUEBEC, QUEBEC, QUEBEC
2, , , NOVA SCOTIA, NOVA SCOTIA, NOVA SCOTIA
2, , , NEW BRUNSWICK, NEW BRUNSWICK, NEW BRUNSWICK
2, , , MANITOBA, MANITOBA, MANITOBA
2, , , BRITISH COLUMBIA, BRITISH COLUMBIA, BRITISH COLUMBIA
2, , , PRINCE EDWARD ISLAND, PRINCE EDWARD ISLAND, PRINCE EDWARD ISLAND
2, , , SASKATCHEWAN, SASKATCHEWAN, SASKATCHEWAN
2, , , ALBERTA, ALBERTA, ALBERTA
2, , , NEWFOUNDLAND AND LABRADOR, NEWFOUNDLAND AND LABRADOR, NEWFOUNDLAND AND LABRADOR
2, , , NEWFOUNDLAND AND LABRADOR, NEWFOUNDLAND AND LABRADOR, NEWFOUNDLAND AND LABRADOR
2, , , PRINCE EDWARD ISLAND, PRINCE EDWARD ISLAND, PRINCE EDWARD ISLAND
2, , , QUEBEC, QUEBEC, CANADA-QUEBEC
2, , , NOVA SCOTIA, NOVA SCOTIA, NOVA SCOTIA
2, , , SASKATCHEWAN, SASKATCHEWAN, SASKATCHEWAN
2, , , QUEBEC, QUEBEC, QUEBEC
2, , , BRITISH COLUMBIA, BRITISH COLUMBIA, BRITISH COLUMBIA
2, , , ALBERTA, ALBERTA, ALBERTA
2, , , ONTARIO, ONTARIO, CANADA-ONTARIO
2, , , ONTARIO, ONTARIO, ONTARIO
2, , , NEW BRUNSWICK, NEW BRUNSWICK, NEW BRUNSWICK
2, , , ALABAMA, ALABAMA, ALABAMA
2, , , ALASKA, ALASKA, ALASKA
2, , , ARIZONA, ARIZONA, ARIZONA
2, , , ARKANSAS, ARKANSAS, ARKANSAS
2, , , CALIFORNIA, CALIFORNIA, CALIFORNIA
2, , , COLORADO, COLORADO, COLORADO
2, , , CONNECTICUT, CONNECTICUT, CONNECTICUT
2, , , DELAWARE, DELAWARE, DELAWARE
2, , , FLORIDA, FLORIDA, FLORIDA
2, , , HAWAII, HAWAII, HAWAII
2, , , IDAHO, IDAHO, IDAHO
2, , , ILLINOIS, ILLINOIS, ILLINOIS
2, , , INDIANA, INDIANA, INDIANA
2, , , IOWA, IOWA, IOWA
2, , , KANSAS, KANSAS, KANSAS
2, , , KENTUCKY, KENTUCKY, KENTUCKY
2, , , LOUISIANA, LOUISIANA, LOUISIANA
2, , , MAINE, MAINE, MAINE
2, , , MARYLAND, MARYLAND, MARYLAND
2, , , MASSACHUSETTS, MASSACHUSETTS, MASSACHUSETTS
2, , , MICHIGAN, MICHIGAN, MICHIGAN
2, , , MINNESOTA, MINNESOTA, MINNESOTA
2, , , MISSISSIPPI, MISSISSIPPI, MISSISSIPPI
2, , , MISSOURI, MISSOURI, MISSOURI
2, , , MONTANA, MONTANA, MONTANA
2, , , NEBRASKA, NEBRASKA, NEBRASKA
2, , , NEVADA, NEVADA, NEVADA
2, , , NEW HAMPSHIRE, NEW HAMPSHIRE, NEW HAMPSHIRE
2, , , NEW JERSEY, NEW JERSEY, NEW JERSEY
2, , , NEW MEXICO, NEW MEXICO, NEW MEXICO
2, , , NEW YORK, NEW YORK, NEW YORK
2, , , NORTH CAROLINA, NORTH CAROLINA, NORTH CAROLINA
2, , , NORTH DAKOTA, NORTH DAKOTA, NORTH DAKOTA
2, , , OHIO, OHIO, OHIO
2, , , OKLAHOMA, OKLAHOMA, OKLAHOMA
2, , , OREGON, OREGON, OREGON
2, , , PENNSYLVANIA, PENNSYLVANIA, PENNSYLVANIA
2, , , RHODE ISLAND, RHODE ISLAND, RHODE ISLAND
2, , , SOUTH CAROLINA, SOUTH CAROLINA, SOUTH CAROLINA
2, , , SOUTH DAKOTA, SOUTH DAKOTA, SOUTH DAKOTA
2, , , TENNESSEE, TENNESSEE, TENNESSEE
2, , , TEXAS, TEXAS, TEXAS
2, , , UTAH, UTAH, UTAH
2, , , VERMONT, VERMONT, VERMONT
2, , , VIRGINIA, VIRGINIA, VIRGINIA
2, , , WASHINGTON, WASHINGTON, WASHINGTON
2, , , WEST VIRGINIA, WEST VIRGINIA, WEST VIRGINIA
2, , , WISCONSIN, WISCONSIN, WISCONSIN
2, , , WYOMING, WYOMING, WYOMING
2, , , COLUMBIA, DISTRICT OF COLUMBIA, DISTRICT OF COLUMBIA
2, FM, FSM, MICRONESIA, FEDERATED STATES OF MICRONESIA, FEDERATED STATES OF MICRONESIA
2, MP, MNP, NORTHERN MARIANA ISLANDS, COMMONWEALTH OF THE NORTHERN MARIANA ISLANDS, NORTHERN MARIANA ISLANDS
2, , , VIRGIN ISLANDS, VIRGIN ISLANDS, VIRGIN ISLANDS
2, HK, HKG, HONG KONG, HONG KONG SPECIAL ADMINISTRATIVE REGION, HONG KONG
2, HK, HKG, HONG KONG, HONG KONG SPECIAL ADMINISTRATIVE REGION, HK
2, HK, HKG, HONG KONG, HONG KONG SPECIAL ADMINISTRATIVE REGION, CHINA- HONG KONG SAR
2, MO, MAC, MACAU, MACAU SPECIAL ADMINISTRATIVE REGION, MACAU
2, MO, MAC, MACAU, MACAU SPECIAL ADMINISTRATIVE REGION, MACAO
2, MO, MAC, MACAU, MACAU SPECIAL ADMINISTRATIVE REGION, CHINA- MACAO SAR
2, , , LLEIDA, PROVINCE OF LLEIDA, LLEIDA
2, , , LLEIDA, PROVINCE OF LLEIDA, SPAIN-LLEIDA
2, , , CUNEO, PROVINCE OF CUNEO, CUNEO
2, , , CUNEO, PROVINCE OF CUNEO, ITALY-CUN
2, , , DANIS, DANIS COMPANY, BELGIUM-DANIS
2, , , CURACAO, COUNTRY OF CURA?AO, CURAAO
2, , , CURACAO, COUNTRY OF CURA?AO, CURACAO
2, , , CURACAO, COUNTRY OF CURA?AO, CURA?AO
2, , , SINT MAARTEN, SINT MAARTEN, SINT MAARTEN
2, , , NETHERLANDS-BEURSPRIJS, BEURSPRIJS COMPANY, NETHERLANDS-BEURSPRIJS
2, , , TOKYO, TOKYO METROPOLIS, TOKYO
2, , , TOKYO, TOKYO METROPOLIS, JAPAN(TOKYO MARKET)
2, , , MPB COMPANY, MPB COMPANY, FRANCE-MPB
2, , , NORTHERN IRELAND, NORTHERN IRELAND, NORTHERN IRELAND
2, , , BRITISH PACIFIC ISLANDS, BRITISH PACIFIC ISLANDS, BRITISH PACIFIC ISLANDS(*)
2, , , US MINOR OUTLYING ISLANDS, U.S. MINOR OUTLYING ISLANDS, U.S. MINOR OUTLYING ISLANDS
2, , , US MINOR OUTLYING ISLANDS, U.S. MINOR OUTLYING ISLANDS, UNITED STATES MINOR OUTLYING ISLANDS
2, , , LEEWARD ISLANDS, FEDERAL COLONY OF THE LEEWARD ISLANDS, LEEWARD ISLANDS
2, , , WINWARD ISLANDS, FEDERAL COLONY OF THE WINWARD ISLANDS, WINDWARD ISLANDS
2, , , FRENCH PACIFIC ISLANDS, FRENCH PACIFIC ISLANDS, FRENCH PACIFIC ISLANDS(*)
2, , , FRENCH WEST INDIES, FRENCH WEST INDIES, FRENCH WEST INDIES(*)
2, , , WESTERN HEMISPHERE, WESTERN HEMISPHERE, WESTERN HEMISPHERE
2, , , LATIN AMERICA, LATIN AMERICA, LATIN AMERICA
2, , , GSM COUNTRIES, GSM COUNTRIES, GSM COUNTRIES
2, , , FREE TRADE AREA AMERICAS, FREE TRADE AREA AMERICAS, FREE TRADE AREA AMERICAS
2, , , EMERGING MARKETS, EMERGING MARKETS, EMERGING MARKETS
2, , , DEVELOPING ECONOMIES, DEVELOPING ECONOMIES, DEVELOPING ECONOMIES
2, , , DEVELOPED ECONOMIES, DEVELOPED ECONOMIES, DEVELOPED ECONOMIES
2, , , CAIRNS GROUP AND EU-15, CAIRNS GROUP AND EU-15, CAIRNS GROUP AND EU-15
2, , , CENTRAL AMERICA FREE TRADE AGREEMENT, CENTRAL AMERICA FREE TRADE AGREEMENT, CENTRAL AMERICA FREE TRADE AGREEMENT
2, , , CARIBBEAN (CBATO REGION), CARIBBEAN (CBATO REGION), CARRIBEAN(CBATO REGION)
2, , , CHINA AND HONG KONG, CHINA AND HONG KONG, CHINA AND HONG KONG
2, , , EUROPE, EUROPE, EUROPE
2, , , EU15, EU15 (AT/ BE/ DE/ DK/ ES/ FI/ FR/ GB/ GR/ IE/ IT/ LU/ NL/ PT/ SE), EUROPEAN UNION-15
2, , , EU25, EU25 (AT/ BE/ CY/ CZ/ DE/ DK/ EE/ ES/ FI/ FR/ GB/ GR/ HU/ IE/ IT/ LT/ LU/ LV/ MT/ NL/ PL/ PT/ SE/ SI/ SK), EUROPEAN UNION-25
2, , , FORMER SOVIET UNION - 15, FORMER SOVIET UNION - 15, FORMER SOVIET UNION - 15
2, , , NEWLY INDEPENDENT STATES, NEWLY INDEPENDENT STATES, NEWLY INDEPENDENT STATES
2, , , NON-EU WEST EUROPE, NON-EU WEST EUROPE, NON-EU WEST EUROPE
2, , , PACIFIC RIM NATIONS, PACIFIC RIM NATIONS, PACIFIC RIM NATIONS
2, , , SOUTHERN AFRICAN CUSTOMS UNION, SOUTHERN AFRICAN CUSTOMS UNION, SOUTHERN AFRICAN CUSTOMS UNION
2, , , SUB-SAHARAN AFRICA (EX. SOUTH AFRICA), SUB-SAHARAN AFRICA (EX. SOUTH AFRICA), SUB-SAHARAN AFRICA (EX. SOUTH AFRICA)
2, , , BUNKERS, BUNKERS, BUNKERS
2, , , EA19, EURO AREA (19 COUNTRIES), EURO AREA (19 COUNTRIES)
2, TC, TCA, TURKS AND CAICOS ISLANDS, , TURKS AND CAICOS ISDS
2, , , OTHER EUROPE NES, OTHER EUROPE NES, OTHER EUROPE- NES
2, , , FREE ZONES, FREE ZONES, FREE ZONES
2, , , OCEANIA NES, OCEANIA NES, OCEANIA- NES
2, , , SPECIAL CATEGORIES, SPECIAL CATEGORIES, SPECIAL CATEGORIES
2, , , SINT MAARTEN (DUTCH PART), SINT MAARTEN (DUTCH PART), SINT MAARTEN (DUTCH PART)
2, IO, IOT, BRITISH INDIAN OCEAN TERRITORY, , BR. INDIAN OCEAN TERR.
2, , , SOUTH AMERICA NES, SOUTH AMERICA NES, SOUTH AMERICA- NES
2, , , NEUTRAL ZONE, NEUTRAL ZONE, NEUTRAL ZONE
2, , , SINT MAARTEN (FRENCH PART), SINT MAARTEN (FRENCH PART), SINT MAARTEN (FRENCH PART)
2, , , SINT MAARTEN (FRENCH PART), SINT MAARTEN (FRENCH PART), SAINT-MARTIN (FRENCH PART)
2, VA, VAT, VATICAN CITY, STATE OF THE VATICAN CITY, HOLY SEE (VATICAN CITY STATE)
2, GS, SGS, SOUTH GEORGIA & SOUTH SANDWICH ISLANDS, , SOUTH GEORGIA AND THE SOUTH SANDWICH ISLANDS
2, BQ, , BONAIRE SINT EUSTATIUS AND SABA, THE CARIBBEAN NETHERLANDS, BONAIRE- SINT EUSTATIUS AND SABA
2, BQ, , BONAIRE SINT EUSTATIUS AND SABA, THE CARIBBEAN NETHERLANDS, BONAIRE- SAINT EUSTATIUS AND SABA
2, , , CENTRAL AMERICA FREE TRADE AGREEMENT, CENTRAL AMERICA FREE TRADE AGREEMENT, CENTRAL AMERICAN FREE TRADE AGREEMENT
2, , , CARIBBEAN (CBATO REGION), CARIBBEAN (CBATO REGION), CARIBBEAN (CBATO REGION)
2, , , EASTERN EUROPE (EXCL FSU), EASTERN EUROPE (EXCL FSU), EASTERN EUROPE (EXCL FSU)
2, , , EASTERN EUROPE AND BALTIC STATES, EASTERN EUROPE AND BALTIC STATES, EASTERN EUROPE AND BALTIC STATES
2, , , EU ACCEDING 10, EU ACCEDING 10, EU ACCEDING 10
2, , , GULF COOPERATION COUNCIL, GULF COOPERATION COUNCIL, GULF COOPERATION COUNCIL
2, , , MERCOSUR, MERCOSUR, MERCOSUR
2, , , MIDDLE EAST & NORTH AFRICA, MIDDLE EAST & NORTH AFRICA, MIDDLE EAST & NORTH AFRICA
2, , , NEAR EAST, NEAR EAST, NEAR EAST
2, , , PERSIAN GULF STATES (GCC), PERSIAN GULF STATES (GCC), PERSIAN GULF STATES (GCC)
2, , , EANEW, EURO AREA (EA11-2000 EA12-2006 EA13-2007 EA15-2008 EA16-2010 EA17-2013 EA18-2014 EA19), EURO AREA (EA11-2000 EA12-2006 EA13-2007 EA15-2008 EA16-2010 EA17-2013 EA18-2014 EA19)
2, MO, MAC, MACAU, MACAU SPECIAL ADMINISTRATIVE REGION, MACAU (SPECIAL ADMINISTRATIVE REGION)
2, FM, FSM, MICRONESIA, FEDERATED STATES OF MICRONESIA, MICRONESIA- FEDERATED STATES OF
2, , , NOT STATED, NOT STATED, NOT STATED
2, , , PASSENGERS' EFFECTS, PASSENGERS' EFFECTS, PASSENGERS' EFFECTS
2, AS, ASM, AMERICAN SAMOA, TERRITORY OF AMERICAN SAMOA, SAMOA- AMERICAN
2, , , SHIPS' BUNKERING, SHIPS' BUNKERING, SHIPS' BUNKERING
2, , , SHIPS' STORES, SHIPS' STORES, SHIPS' STORES
2, SH, SHN, SAINT HELENA, , ST HELENA
2, KN, KNA, SAINT KITTS AND NEVIS, FEDERATION OF SAINT KITTS AND NEVIS, ST KITTS AND NEVIS
2, LC, LCA, SAINT LUCIA, , ST LUCIA
2, , , SINT MAARTEN (DUTCH PART), SINT MAARTEN (DUTCH PART), ST MAARTEN (DUTCH PART)
2, PM, SPM, SAINT PIERRE AND MIQUELON, TERRITORIAL COLLECTIVITY OF SAINT PIERRE AND MIQUELON, ST PIERRE AND MIQUELON
2, VC, VCT, SAINT VINCENT AND THE GRENADINES, , ST VINCENT AND THE GRENADINES
2, VA, VAT, VATICAN CITY, STATE OF THE VATICAN CITY, VATICAN CITY STATE
2, VG, VGB, BRITISH VIRGIN ISLANDS, , VIRGIN ISLANDS- BRITISH
2, VI, VIR, U.S. VIRGIN ISLANDS, UNITED STATES VIRGIN ISLANDS, VIRGIN ISLANDS- UNITED STATES
2, , , WESTERN SAHARA, WESTERN SAHARA, WESTERN SAHARA
2, YD, , DEMOCRATIC YEMEN, PEOPLE'S DEMOCRATIC REPUBLIC OF YEMEN, YEMEN- DEMOCRATIC
2, , , ZAIRE, REPUBLIC OF ZAIRE, ZAIRE
2, , , ANTARCTICA USA, ANTARCTICA USA, ANTARCTICA- USA
2, CN, CHN, CHINA, PEOPLE'S REPUBLIC OF CHINA, CHINA- PEOPLE'S REPUBLIC OF
2, CD, COD, CONGO (KINSHASA), DEMOCRATIC REPUBLIC OF THE CONGO, CONGO- THE DEMOCRATIC REPUBLIC OF THE
2, , , DESTINATION UNKNOWN : EU, DESTINATION UNKNOWN : EU, DESTINATION UNKNOWN : EU
2, , , DESTINATION UNKNOWN : NON-EU, DESTINATION UNKNOWN : NON-EU, DESTINATION UNKNOWN : NON-EU
2, TL, TLS, TIMOR-LESTE (EAST TIMOR), DEMOCRATIC REPUBLIC OF TIMOR-LESTE, EAST TIMOR
2, FK, FLK, FALKLAND ISLANDS (ISLAS MALVINAS), , FALKLAND ISLANDS
2, MK, MKD, MACEDONIA, REPUBLIC OF MACEDONIA, FORMER YUGOSLAV REPUBLIC OF MACEDONIA (FYROM)
2, , , GAZA STRIP/PALESTINE/WEST BANK, GAZA STRIP/PALESTINE/WEST BANK, GAZA STRIP/PALESTINE/WEST BANK
2, HK, HKG, HONG KONG, HONG KONG SPECIAL ADMINISTRATIVE REGION, HONG KONG (SPECIAL ADMINISTRATIVE REGION)
2, KP, PRK, NORTH KOREA, DEMOCRATIC PEOPLE'S REPUBLIC OF KOREA, KOREA- DEMOCRATIC PEOPLE'S REPUBLIC OF
2, GP, GLP, SAINT BARTHELEMY, COLLECTIVITY OF SAINT BARTHELEMY, SAINT-BARTHELEMY
2, , , EU27, EU27 (AT/ BE/ BG/ CY/ CZ/ DE/ DK/ EE/ ES/ FI/ FR/ GB/ GR/ HU/ IE/ IT/ LT/ LU/ LV/ MT/ NL/ PL/ PT/ RO/ SE/ SI/ SK), EU-27
2, , , OTHER PACIFIC ISLANDS NEC, OTHER PACIFIC ISLANDS NEC, OTHER PACIFIC ISLANDS- NEC(*)
2, GM, GMB, GAMBIA THE, REPUBLIC OF THE GAMBIA, GAMBIA- THE
2, , , SERBIA MONTENEGRO AND KOSOVO, SERBIA MONTENEGRO AND KOSOVO, SERBIA- MONTENEGRO- AND KOSOVO
2, UZ, UZB, UZBEKISTAN, REPUBLIC OF UZBEKISTAN, UZBEKISTAN- REPUBLIC OF
2, , , AFRICA NOT ELSEWHERE SPECIFIED, AFRICA NOT ELSEWHERE SPECIFIED, AFRICA- NOT ELSEWHERE SPECIFIED(*)
2, MK, MKD, MACEDONIA, REPUBLIC OF MACEDONIA, FOR.JREP.MAC
2, VE, VEN, VENEZUELA, BOLIVARIAN REPUBLIC OF VENEZUELA, VENEZUELA- BOLIVARIAN REPUBLIC OF
2, CD, COD, CONGO (KINSHASA), DEMOCRATIC REPUBLIC OF THE CONGO, CONGO- DEMOCRATIC REPUBLIC OF
2, IR, IRN, IRAN, ISLAMIC REPUBLIC OF IRAN, IRAN- ISLAMIC REPUBLIC OF
2, AN, ANT, NETHERLANDS ANTILLES, , NL ANTILLES
2, SY, SYR, SYRIA, SYRIAN ARAB REPUBLIC, SYRIAN ARAB REPUBLIC
2, MD, MDA, MOLDOVA, REPUBLIC OF MOLDOVA, MOLDOVA- REPUBLIC OF
2, KG, KGZ, KYRGYZSTAN, KYRGYZ REPUBLIC, KYRGYZ- REPUBLIC
2, TZ, TZA, TANZANIA, UNITED REPUBLIC OF TANZANIA, TANZANIA- UNITED REPUBLIC OF
2, KY, CYM, CAYMAN ISLANDS, , CAYMAN ISLES
2, SH, SHN, SAINT HELENA, , SAINT HELENA- ASCENSION AND TRISTAN DA CUNHA
2, BO, BOL, BOLIVIA, REPUBLIC OF BOLIVIA, BOLIVIA- PLURINATIONAL STATE OF
2, GS, SGS, SOUTH GEORGIA & SOUTH SANDWICH ISLANDS, , SOUTH GEORGIA AND SOUTH SANDWICH ISLANDS
2, , , GAZA STRIP/PALESTINE/WEST BANK, GAZA STRIP/PALESTINE/WEST BANK, OCCUPIED PALESTINIAN TERRITORY
2, , , INTRA-EU TRADE STORES AND PROVISIONS, STORES AND PROVISIONS WITHIN THE FRAMEWORK OF INTRA-EU TRADE, STORES AND PROVISIONS WITHIN THE FRAMEWORK OF INTRA-EU TRADE
2, , , CEUTA, CEUTA CITY, CEUTA
2, , , MELILLA, MELILLA CITY, MELILLA
2, KP, PRK, NORTH KOREA, DEMOCRATIC PEOPLE'S REPUBLIC OF KOREA, KOREA- DEMOCRATIC PEOPLES REPUBLIC OF
2, LA, LAO, LAOS, LAO PEOPLE'S DEMOCRATIC REPUBLIC, LAO PEOPLES DEMOCRATIC REPUBLIC
